CRASH DATE,CRASH TIME,BOROUGH,ZIP CODE,LATITUDE,LONGITUDE,LOCATION,ON STREET NAME,CROSS STREET NAME,OFF STREET NAME,NUMBER OF PERSONS INJURED,NUMBER OF PERSONS KILLED,NUMBER OF PEDESTRIANS INJURED,NUMBER OF PEDESTRIANS KILLED,NUMBER OF CYCLIST INJURED,NUMBER OF CYCLIST KILLED,NUMBER OF MOTORIST INJURED,NUMBER OF MOTORIST KILLED,CONTRIBUTING FACTOR VEHICLE 1,CONTRIBUTING FACTOR VEHICLE 2,CONTRIBUTING FACTOR VEHICLE 3,CONTRIBUTING FACTOR VEHICLE 4,CONTRIBUTING FACTOR VEHICLE 5,COLLISION_ID,VEHICLE TYPE CODE 1,VEHICLE TYPE CODE 2,VEHICLE TYPE CODE 3,VEHICLE TYPE CODE 4,VEHICLE TYPE CODE 5
02/07/2016,23:45,,,,,,,,REAR OF 43-18 MAIN ST                   ,0,0,0,0,0,0,0,0,Unspecified,,,,,3385904,PASSENGER VEHICLE,UNKNOWN,,,
02/07/2016,6:00,,,,,,,,,0,0,0,0,0,0,0,0,Tire Failure/Inadequate,,,,,3385605,PASSENGER VEHICLE,,,,
02/07/2016,18:15,BROOKLYN,11218,40.6433056,-73.9740952,"(40.6433056, -73.9740952)",OCEAN PARKWAY                   ,BEVERLEY ROAD                   ,,0,0,0,0,0,0,0,0,Turning Improperly,Unspecified,Unspecified,,,3385681,BUS,SPORT UTILITY / STATION WAGON,PASSENGER VEHICLE,,
02/07/2016,17:20,QUEENS,11364,40.7387326,-73.7572959,"(40.7387326, -73.7572959)",BELL BOULEVARD                  ,75 AVENUE                       ,,0,0,0,0,0,0,0,0,Unspecified,Unspecified,,,,3385351,SPORT UTILITY / STATION WAGON,UNKNOWN,,,
02/07/2016,10:40,,,,,,ROCKAWAY BOULEVARD              ,116 STREET                      ,,0,0,0,0,0,0,0,0,Unspecified,Unspecified,,,,3385276,PASSENGER VEHICLE,SPORT UTILITY / STATION WAGON,,,
02/07/2016,18:42,BROOKLYN,11229,40.595394,-73.945786,"(40.595394, -73.945786)",BEDFORD AVENUE                  ,AVENUE W,,0,0,0,0,0,0,0,0,Failure to Yield Right-of-Way,Failure to Yield Right-of-Way,,,,3611690,Sedan,Sedan,,,
02/07/2016,6:10,BROOKLYN,11230,40.6152042,-73.9633618,"(40.6152042, -73.9633618)",CONEY ISLAND AVENUE             ,AVENUE N                        ,,0,0,0,0,0,0,0,0,Driver Inattention/Distraction,,,,,3385154,TAXI,,,,
02/07/2016,10:20,BROOKLYN,11201,40.6896895,-73.9923627,"(40.6896895, -73.9923627)",ATLANTIC AVENUE                 ,COURT STREET                    ,,0,0,0,0,0,0,0,0,Failure to Yield Right-of-Way,Unspecified,,,,3385208,PASSENGER VEHICLE,PASSENGER VEHICLE,,,
02/07/2016,22:33,,,40.6425396,-73.8765111,"(40.6425396, -73.8765111)",,,,1,0,0,0,0,0,1,0,Alcohol Involvement,,,,,3385745,PASSENGER VEHICLE,,,,
02/07/2016,15:30,QUEENS,11379,40.7279121,-73.8732414,"(40.7279121, -73.8732414)",ELIOT AVENUE                    ,85 STREET                       ,,0,0,0,0,0,0,0,0,Unspecified,Unspecified,,,,3385840,PASSENGER VEHICLE,PASSENGER VEHICLE,PASSENGER VEHICLE,,
02/07/2016,14:30,MANHATTAN,10024,40.7876856,-73.9750141,"(40.7876856, -73.9750141)",WEST 86 STREET                  ,AMSTERDAM AVENUE                ,,1,0,1,0,0,0,0,0,Unspecified,,,,,3385001,PASSENGER VEHICLE,,,,
02/07/2016,18:30,BROOKLYN,11223,40.6010012,-73.9793801,"(40.6010012, -73.9793801)",WEST 7 STREET                   ,AVENUE S                        ,,0,0,0,0,0,0,0,0,Unspecified,Unspecified,,,,3385669,PASSENGER VEHICLE,UNKNOWN,,,
02/07/2016,10:30,,,,,,JEWEL AVENUE                    ,PARK DRIVE EAST                 ,,1,0,0,0,0,0,1,0,Failure to Yield Right-of-Way,Unspecified,,,,3385288,PASSENGER VEHICLE,PASSENGER VEHICLE,,,
02/07/2016,11:45,BRONX,10467,40.8827095,-73.8812458,"(40.8827095, -73.8812458)",WEST GUN HILL ROAD              ,JEROME AVENUE                   ,,1,0,0,0,0,0,1,0,Driver Inattention/Distraction,Unspecified,,,,3385078,PASSENGER VEHICLE,PASSENGER VEHICLE,,,
02/07/2016,19:00,,,40.842052,-73.8379084,"(40.842052, -73.8379084)",,,,3,0,0,0,0,0,3,0,Unspecified,Unspecified,Unspecified,,,3385050,PASSENGER VEHICLE,SPORT UTILITY / STATION WAGON,PASSENGER VEHICLE,,
02/07/2016,2:00,QUEENS,11385,40.7001228,-73.9062104,"(40.7001228, -73.9062104)",MYRTLE AVENUE                   ,CYPRESS AVENUE                  ,,0,0,0,0,0,0,0,0,Unspecified,Unspecified,,,,3385239,SPORT UTILITY / STATION WAGON,PASSENGER VEHICLE,,,
02/07/2016,1:02,BROOKLYN,11204,40.6207124,-73.985087,"(40.6207124, -73.985087)",60 STREET                       ,19 AVENUE                       ,,0,0,0,0,0,0,0,0,Driver Inattention/Distraction,Unspecified,,,,3385111,SPORT UTILITY / STATION WAGON,SPORT UTILITY / STATION WAGON,,,
02/07/2016,9:40,MANHATTAN,10016,40.746417,-73.9818325,"(40.746417, -73.9818325)",EAST 33 STREET                  ,PARK AVENUE                     ,,0,0,0,0,0,0,0,0,Traffic Control Disregarded,Unspecified,,,,3384975,TAXI,TAXI,,,
02/07/2016,16:45,BRONX,10467,40.8802847,-73.8826858,"(40.8802847, -73.8826858)",DEKALB AVENUE                   ,EAST 208 STREET                 ,,0,0,0,0,0,0,0,0,Unspecified,Unspecified,,,,3385638,OTHER,SPORT UTILITY / STATION WAGON,,,
02/07/2016,14:45,,,40.5843704,-73.9270904,"(40.5843704, -73.9270904)",,,,0,0,0,0,0,0,0,0,Unspecified,Unspecified,Unspecified,,,3385086,PASSENGER VEHICLE,PASSENGER VEHICLE,UNKNOWN,,
02/07/2016,4:20,QUEENS,11434,40.6724613,-73.7826385,"(40.6724613, -73.7826385)",132 AVENUE                      ,155 STREET                      ,,0,0,0,0,0,0,0,0,Alcohol Involvement,,,,,3385364,PASSENGER VEHICLE,,,,
02/07/2016,9:50,QUEENS,11373,40.7329048,-73.8863839,"(40.7329048, -73.8863839)",79 STREET                       ,ELKS ROAD                       ,,0,0,0,0,0,0,0,0,Unspecified,Unspecified,Unspecified,Unspecified,,3385329,PASSENGER VEHICLE,UNKNOWN,PASSENGER VEHICLE,PASSENGER VEHICLE,
02/07/2016,1:20,,,40.5945547,-73.997568,"(40.5945547, -73.997568)",,,,1,0,0,0,0,0,1,0,Unspecified,Unspecified,,,,3385662,MOTORCYCLE,UNKNOWN,,,
02/07/2016,13:08,MANHATTAN,10011,40.7404431,-74.0020208,"(40.7404431, -74.0020208)",8 AVENUE                        ,WEST 15 STREET                  ,,0,0,0,0,0,0,0,0,Backing Unsafely,Unspecified,,,,3384963,SPORT UTILITY / STATION WAGON,SPORT UTILITY / STATION WAGON,,,
02/07/2016,23:59,MANHATTAN,10033,40.8523387,-73.935716,"(40.8523387, -73.935716)",BENNETT AVENUE                  ,WEST 184 STREET                 ,,0,0,0,0,0,0,0,0,Driver Inattention/Distraction,Driver Inattention/Distraction,,,,3386681,PASSENGER VEHICLE,SPORT UTILITY / STATION WAGON,,,
02/07/2016,6:35,,,,,,JUNCTION BOULEVARD              ,41 AVENUE                       ,,0,0,0,0,0,0,0,0,Driver Inattention/Distraction,Unspecified,,,,3386461,PASSENGER VEHICLE,SPORT UTILITY / STATION WAGON,,,
02/07/2016,3:45,QUEENS,11433,40.7078931,-73.7867214,"(40.7078931, -73.7867214)",173 STREET                      ,JAMAICA AVENUE                  ,,0,0,0,0,0,0,0,0,Other Vehicular,Driver Inattention/Distraction,,,,3385223,PASSENGER VEHICLE,UNKNOWN,,,
02/07/2016,13:45,BROOKLYN,11206,40.6998336,-73.936963,"(40.6998336, -73.936963)",LOCUST STREET                   ,BEAVER STREET                   ,,0,0,0,0,0,0,0,0,Unspecified,Unspecified,,,,3385784,VAN,OTHER,,,
02/07/2016,18:16,MANHATTAN,10029,40.7899496,-73.9429266,"(40.7899496, -73.9429266)",2 AVENUE                        ,EAST 105 STREET                 ,,0,0,0,0,0,0,0,0,Unspecified,Unspecified,,,,3385529,SPORT UTILITY / STATION WAGON,PASSENGER VEHICLE,,,
02/07/2016,15:45,,,40.842052,-73.8379084,"(40.842052, -73.8379084)",,,,0,0,0,0,0,0,0,0,Unspecified,,,,,3385609,PASSENGER VEHICLE,,,,
02/07/2016,0:25,,,40.731493,-73.8421408,"(40.731493, -73.8421408)",,,,0,0,0,0,0,0,0,0,Unspecified,Unspecified,,,,3385330,PASSENGER VEHICLE,PASSENGER VEHICLE,,,
02/07/2016,9:18,BROOKLYN,11207,40.6772073,-73.897226,"(40.6772073, -73.897226)",FULTON STREET                   ,PENNSYLVANIA AVENUE             ,,0,0,0,0,0,0,0,0,Prescription Medication,Unspecified,,,,3385175,SPORT UTILITY / STATION WAGON,UNKNOWN,,,
02/07/2016,5:39,BROOKLYN,11206,40.6969863,-73.9352238,"(40.6969863, -73.9352238)",BROADWAY                        ,MYRTLE AVENUE                   ,,0,0,0,0,0,0,0,0,Unspecified,Unspecified,Unspecified,,,3385780,LIVERY VEHICLE,SPORT UTILITY / STATION WAGON,BUS,,
02/07/2016,19:14,MANHATTAN,10034,40.8717676,-73.9133662,"(40.8717676, -73.9133662)",WEST 219 STREET                 ,BROADWAY                        ,,0,0,0,0,0,0,0,0,Other Electronic Device,Other Electronic Device,,,,3385566,SPORT UTILITY / STATION WAGON,SPORT UTILITY / STATION WAGON,,,
02/07/2016,19:55,BROOKLYN,11220,40.6309121,-74.0143208,"(40.6309121, -74.0143208)",8 AVENUE                        ,68 STREET                       ,,0,0,0,0,0,0,0,0,,,,,,3385702,SMALL COM VEH(4 TIRES) ,SPORT UTILITY / STATION WAGON,,,
02/07/2016,19:50,BRONX,10467,40.8696035,-73.8614338,"(40.8696035, -73.8614338)",BRONXWOOD AVENUE                ,ADEE AVENUE                     ,,1,0,1,0,0,0,0,0,Unspecified,,,,,3385066,SPORT UTILITY / STATION WAGON,,,,
02/07/2016,14:50,BROOKLYN,11224,40.5798042,-73.9718339,"(40.5798042, -73.9718339)",NEPTUNE AVENUE                  ,WEST 5 STREET                   ,,0,0,0,0,0,0,0,0,Lost Consciousness,Unspecified,,,,3385649,SPORT UTILITY / STATION WAGON,PASSENGER VEHICLE,,,
02/07/2016,1:50,BROOKLYN,11237,40.7036676,-73.9268932,"(40.7036676, -73.9268932)",KNICKERBOCKER AVENUE            ,JEFFERSON STREET                ,,0,0,0,0,0,0,0,0,Unspecified,Unspecified,,,,3385203,LIVERY VEHICLE,PASSENGER VEHICLE,,,
02/07/2016,14:00,,,,,,,,P/L OF 200 PENN AVENUE                  ,0,0,0,0,0,0,0,0,Prescription Medication,Unspecified,,,,3385989,SPORT UTILITY / STATION WAGON,SPORT UTILITY / STATION WAGON,,,
02/07/2016,20:55,,,40.7686435,-73.9490277,"(40.7686435, -73.9490277)",,,,0,0,0,0,0,0,0,0,Driver Inattention/Distraction,Unspecified,,,,3384993,PASSENGER VEHICLE,UNKNOWN,,,
02/07/2016,12:28,STATEN ISLAND,10304,40.6135884,-74.0826645,"(40.6135884, -74.0826645)",PARK HILL AVENUE                ,SOBEL COURT                     ,,0,0,0,0,0,0,0,0,Driver Inattention/Distraction,Unspecified,,,,3385976,PASSENGER VEHICLE,UNKNOWN,,,
02/07/2016,2:00,QUEENS,11419,40.6935583,-73.8230267,"(40.6935583, -73.8230267)",124 STREET                      ,95 AVENUE                       ,,1,0,1,0,0,0,0,0,Prescription Medication,,,,,3385818,SPORT UTILITY / STATION WAGON,,,,
02/07/2016,5:00,BRONX,10453,40.8557873,-73.9055716,"(40.8557873, -73.9055716)",EAST 181 STREET                 ,JEROME AVENUE                   ,,0,0,0,0,0,0,0,0,Other Vehicular,Other Vehicular,,,,3385056,PASSENGER VEHICLE,PASSENGER VEHICLE,,,
02/07/2016,18:20,QUEENS,11109,40.7468466,-73.9564395,"(40.7468466, -73.9564395)",CENTER BOULEVARD                ,46 ROAD                         ,,0,0,0,0,0,0,0,0,Unspecified,,,,,3385893,PASSENGER VEHICLE,,,,
02/07/2016,22:00,MANHATTAN,10128,40.7872263,-73.9541633,"(40.7872263, -73.9541633)",EAST 96 STREET                  ,MADISON AVENUE                  ,,0,0,0,0,0,0,0,0,Unspecified,Unspecified,,,,3385531,TAXI,PASSENGER VEHICLE,,,
02/07/2016,16:20,QUEENS,11004,40.7377224,-73.7065134,"(40.7377224, -73.7065134)",HILLSIDE AVENUE                 ,262 STREET                      ,,0,0,0,0,0,0,0,0,Unspecified,Unspecified,,,,3385257,SPORT UTILITY / STATION WAGON,PASSENGER VEHICLE,,,
02/07/2016,11:00,BROOKLYN,11223,40.6091511,-73.9699667,"(40.6091511, -73.9699667)",AVENUE P                        ,EAST 4 STREET                   ,,0,0,0,0,0,0,0,0,Unspecified,Unspecified,,,,3386769,PASSENGER VEHICLE,PASSENGER VEHICLE,,,
02/07/2016,9:56,MANHATTAN,10031,40.8264277,-73.9504508,"(40.8264277, -73.9504508)",WEST 145 STREET                 ,BROADWAY                        ,,0,0,0,0,0,0,0,0,Lost Consciousness,,,,,3385010,PASSENGER VEHICLE,PICK-UP TRUCK,,,
02/07/2016,13:15,,,,,,EAST 134 STREET                 ,WILLIS AVENUE                   ,,0,0,0,0,0,0,0,0,Fatigued/Drowsy,Fatigued/Drowsy,,,,3385578,PASSENGER VEHICLE,PASSENGER VEHICLE,,,
02/07/2016,7:46,QUEENS,11423,40.7120058,-73.7581039,"(40.7120058, -73.7581039)",99 AVENUE                       ,202 STREET                      ,,0,0,0,0,0,0,0,0,Fatigued/Drowsy,Unspecified,,,,3385224,PASSENGER VEHICLE,PASSENGER VEHICLE,,,
02/07/2016,12:45,QUEENS,11691,40.5975183,-73.7596349,"(40.5975183, -73.7596349)",BEACH 25 STREET                 ,DEERFIELD ROAD                  ,,1,0,0,0,0,0,1,0,Driver Inattention/Distraction,Unspecified,,,,3385218,PASSENGER VEHICLE,PASSENGER VEHICLE,,,
02/07/2016,15:28,BROOKLYN,11234,40.625941,-73.9150074,"(40.625941, -73.9150074)",AVENUE L                        ,EAST 70 STREET                  ,,0,0,0,0,0,0,0,0,Unspecified,Unspecified,Unspecified,,,3386228,UNKNOWN,OTHER,SPORT UTILITY / STATION WAGON,,
02/07/2016,10:11,BRONX,10467,40.872452,-73.8780642,"(40.872452, -73.8780642)",EAST 204 STREET                 ,HULL AVENUE                     ,,2,0,0,0,0,0,2,0,Traffic Control Disregarded,Unspecified,Unspecified,,,3385077,PASSENGER VEHICLE,LIVERY VEHICLE,PASSENGER VEHICLE,,
02/07/2016,13:00,QUEENS,11355,40.7564807,-73.8313492,"(40.7564807, -73.8313492)",41 ROAD                         ,FRAME PLACE                     ,,0,0,0,0,0,0,0,0,Failure to Yield Right-of-Way,Unspecified,,,,3385316,SPORT UTILITY / STATION WAGON,PASSENGER VEHICLE,,,
02/07/2016,8:50,MANHATTAN,10002,40.7181445,-73.9938277,"(40.7181445, -73.9938277)",GRAND STREET                    ,CHRYSTIE STREET                 ,,1,0,1,0,0,0,0,0,Passenger Distraction,,,,,3385462,LIVERY VEHICLE,,,,
02/07/2016,20:50,BROOKLYN,11233,40.6800548,-73.9194307,"(40.6800548, -73.9194307)",HOWARD AVENUE                   ,SUMPTER STREET                  ,,0,0,0,0,0,0,0,0,Unspecified,Unspecified,,,,3385200,PASSENGER VEHICLE,UNKNOWN,,,
02/07/2016,16:35,MANHATTAN,10036,40.760405,-73.9874743,"(40.760405, -73.9874743)",WEST 47 STREET                  ,8 AVENUE                        ,,0,0,0,0,0,0,0,0,Unspecified,Unspecified,,,,3387771,PASSENGER VEHICLE,SPORT UTILITY / STATION WAGON,,,
02/07/2016,8:14,BRONX,10472,40.828296,-73.8617185,"(40.828296, -73.8617185)",WATSON AVENUE                   ,UNDERHILL AVENUE                ,,0,0,0,0,0,0,0,0,Driver Inattention/Distraction,Unspecified,Unspecified,,,3385042,PASSENGER VEHICLE,SPORT UTILITY / STATION WAGON,PASSENGER VEHICLE,,
02/07/2016,19:25,BROOKLYN,11210,40.6323545,-73.9508362,"(40.6323545, -73.9508362)",EAST 27 STREET                  ,CAMPUS ROAD                     ,,0,0,0,0,0,0,0,0,Unspecified,Unspecified,,,,3385711,PASSENGER VEHICLE,UNKNOWN,,,
02/07/2016,18:30,BROOKLYN,11220,40.6364509,-74.015738,"(40.6364509, -74.015738)",63 STREET                       ,6 AVENUE                        ,,0,0,0,0,0,0,0,0,Unspecified,Unspecified,,,,3385731,SPORT UTILITY / STATION WAGON,UNKNOWN,,,
02/07/2016,19:45,,,,,,,,,2,0,0,0,0,0,2,0,Outside Car Distraction,,,,,3390893,PASSENGER VEHICLE,,,,
02/07/2016,20:07,BROOKLYN,11236,40.650449,-73.9111021,"(40.650449, -73.9111021)",DITMAS AVENUE                   ,EAST 95 STREET                  ,,0,0,0,0,0,0,0,0,Unspecified,Unspecified,Unspecified,Unspecified,,3385137,PASSENGER VEHICLE,SPORT UTILITY / STATION WAGON,PASSENGER VEHICLE,PASSENGER VEHICLE,
02/07/2016,9:30,BRONX,10452,40.8326282,-73.9253747,"(40.8326282, -73.9253747)",EAST 165 STREET                 ,JEROME AVENUE                   ,,0,0,0,0,0,0,0,0,Unspecified,Unspecified,,,,3386139,PASSENGER VEHICLE,UNKNOWN,,,
02/07/2016,14:12,BRONX,10468,40.8596442,-73.8998217,"(40.8596442, -73.8998217)",CRESTON AVENUE                  ,EAST 184 STREET                 ,,1,0,0,0,0,0,1,0,Unspecified,Unspecified,,,,3385055,SPORT UTILITY / STATION WAGON,UNKNOWN,,,
02/07/2016,17:52,BROOKLYN,11210,40.6328856,-73.9476978,"(40.6328856, -73.9476978)",FLATBUSH AVENUE                 ,HILLEL PLACE                    ,,0,0,0,0,0,0,0,0,Lost Consciousness,Turning Improperly,,,,3385712,PICK-UP TRUCK,PASSENGER VEHICLE,,,
02/07/2016,8:40,BROOKLYN,11234,40.623681,-73.9254318,"(40.623681, -73.9254318)",EAST 52 STREET                  ,AVENUE L                        ,,0,0,0,0,0,0,0,0,Unspecified,Unspecified,,,,3385103,PASSENGER VEHICLE,UNKNOWN,,,
02/07/2016,2:42,STATEN ISLAND,10306,40.5827584,-74.1304,"(40.5827584, -74.1304)",ROCKLAND AVENUE                 ,MANOR ROAD                      ,,0,0,0,0,0,0,0,0,Traffic Control Disregarded,,,,,3385432,PASSENGER VEHICLE,,,,
02/07/2016,5:30,BRONX,10462,40.854443,-73.8648127,"(40.854443, -73.8648127)",WALLACE AVENUE                  ,LYDIG AVENUE                    ,,1,0,0,0,0,0,1,0,Unspecified,Unspecified,,,,3385068,PASSENGER VEHICLE,UNKNOWN,,,
02/07/2016,23:07,BROOKLYN,11213,40.6757932,-73.9443762,"(40.6757932, -73.9443762)",BROOKLYN AVENUE                 ,BERGEN STREET                   ,,1,0,0,0,0,0,1,0,Unspecified,Unspecified,,,,3385764,PASSENGER VEHICLE,PASSENGER VEHICLE,,,
02/07/2016,22:20,BROOKLYN,11237,40.7031151,-73.9215812,"(40.7031151, -73.9215812)",IRVING AVENUE                   ,HART STREET                     ,,0,0,0,0,0,0,0,0,Unspecified,Unspecified,,,,3385783,PASSENGER VEHICLE,PASSENGER VEHICLE,,,
02/07/2016,18:25,MANHATTAN,10027,40.810993,-73.9542878,"(40.810993, -73.9542878)",WEST 125 STREET                 ,HANCOCK PLACE                   ,,0,0,0,0,0,0,0,0,Unspecified,Unspecified,,,,3385539,UNKNOWN,PASSENGER VEHICLE,,,
02/07/2016,21:10,QUEENS,11355,40.7519423,-73.8322954,"(40.7519423, -73.8322954)",COLLEGE POINT BOULEVARD         ,FOWLER AVENUE                   ,,0,0,0,0,0,0,0,0,Other Electronic Device,Unspecified,,,,3385910,UNKNOWN,PASSENGER VEHICLE,,,
02/07/2016,11:35,BROOKLYN,11205,40.6911214,-73.9535659,"(40.6911214, -73.9535659)",DEKALB AVENUE                   ,WALWORTH STREET                 ,,0,0,0,0,0,0,0,0,Unspecified,Unspecified,,,,3385769,PASSENGER VEHICLE,MOTORCYCLE,,,
02/07/2016,16:15,MANHATTAN,10018,40.7589782,-73.9939358,"(40.7589782, -73.9939358)",DYER AVENUE                     ,WEST 42 STREET                  ,,0,0,0,0,0,0,0,0,Lost Consciousness,Unspecified,,,,3384966,PASSENGER VEHICLE,PASSENGER VEHICLE,,,
02/07/2016,12:55,BROOKLYN,11214,40.6072584,-74.0026435,"(40.6072584, -74.0026435)",86 STREET                       ,18 AVENUE                       ,,0,0,0,0,0,0,0,0,Unspecified,Unspecified,,,,3386216,PASSENGER VEHICLE,PASSENGER VEHICLE,,,
02/07/2016,17:00,MANHATTAN,10069,40.7778451,-73.9877418,"(40.7778451, -73.9877418)",FREEDOM PLACE                   ,WEST 68 STREET                  ,,0,0,0,0,0,0,0,0,Unspecified,Unspecified,,,,3385000,UNKNOWN,SPORT UTILITY / STATION WAGON,,,
02/07/2016,17:24,BRONX,10463,40.8843695,-73.901043,"(40.8843695, -73.901043)",WEST 237 STREET                 ,BROADWAY                        ,,0,0,0,0,0,0,0,0,Unspecified,Unspecified,,,,3385634,PASSENGER VEHICLE,PASSENGER VEHICLE,,,
02/07/2016,15:18,BRONX,10460,40.8337378,-73.8888028,"(40.8337378, -73.8888028)",EAST 172 STREET                 ,HOE AVENUE                      ,,0,0,0,0,0,0,0,0,Unspecified,Unspecified,,,,3385584,PASSENGER VEHICLE,PASSENGER VEHICLE,,,
02/07/2016,17:00,QUEENS,11373,40.7457933,-73.8854886,"(40.7457933, -73.8854886)",41 AVENUE                       ,80 STREET                       ,,0,0,0,0,0,0,0,0,Backing Unsafely,Unspecified,,,,3385922,SPORT UTILITY / STATION WAGON,PASSENGER VEHICLE,,,
02/07/2016,13:27,BRONX,10462,40.8523522,-73.8585129,"(40.8523522, -73.8585129)",PAULDING AVENUE                 ,NEILL AVENUE                    ,,0,0,0,0,0,0,0,0,Unspecified,Unspecified,,,,3385070,PASSENGER VEHICLE,PASSENGER VEHICLE,,,
02/07/2016,14:25,,,,,,,,,0,0,0,0,0,0,0,0,Traffic Control Disregarded,Unspecified,,,,3385620,PASSENGER VEHICLE,SPORT UTILITY / STATION WAGON,,,
02/07/2016,6:28,,,40.7225802,-73.9404817,"(40.7225802, -73.9404817)",,,,2,0,0,0,0,0,2,0,Driver Inattention/Distraction,Unspecified,,,,3385808,PASSENGER VEHICLE,SPORT UTILITY / STATION WAGON,,,
02/07/2016,10:30,BROOKLYN,11218,40.6326199,-73.9731951,"(40.6326199, -73.9731951)",EAST 5 STREET                   ,18 AVENUE                       ,,0,0,0,0,0,0,0,0,Driver Inattention/Distraction,Unspecified,,,,3385715,PASSENGER VEHICLE,PASSENGER VEHICLE,,,
02/07/2016,17:17,,,,,,,,,0,0,0,0,0,0,0,0,Fatigued/Drowsy,Unspecified,,,,3385701,SPORT UTILITY / STATION WAGON,SPORT UTILITY / STATION WAGON,,,
02/07/2016,15:30,BROOKLYN,11235,40.5894516,-73.9605171,"(40.5894516, -73.9605171)",CONEY ISLAND AVENUE             ,AVENUE Y                        ,,0,0,0,0,0,0,0,0,Driver Inattention/Distraction,Driver Inattention/Distraction,,,,3385657,UNKNOWN,PASSENGER VEHICLE,,,
02/07/2016,15:05,BRONX,10451,40.8180125,-73.9251851,"(40.8180125, -73.9251851)",EAST 149 STREET                 ,PARK AVENUE                     ,,0,0,0,0,0,0,0,0,Prescription Medication,Lost Consciousness,,,,3385033,SPORT UTILITY / STATION WAGON,BICYCLE,,,
02/07/2016,15:40,QUEENS,11357,40.7888417,-73.8138031,"(40.7888417, -73.8138031)",14 AVENUE                       ,150 STREET                      ,,0,0,0,0,0,0,0,0,Unspecified,Unspecified,,,,3385909,PASSENGER VEHICLE,PASSENGER VEHICLE,,,
02/07/2016,19:40,,,,,,,,P/L 2791 RICHMOND AVENUE                ,0,0,0,0,0,0,0,0,Unspecified,Unspecified,,,,3385979,SPORT UTILITY / STATION WAGON,PASSENGER VEHICLE,,,
02/07/2016,18:40,QUEENS,11374,40.7303349,-73.8676226,"(40.7303349, -73.8676226)",BOOTH STREET                    ,62 AVENUE                       ,,0,0,0,0,0,0,0,0,Unspecified,Unspecified,,,,3385358,PASSENGER VEHICLE,PASSENGER VEHICLE,,,
02/07/2016,16:00,,,40.842052,-73.8379084,"(40.842052, -73.8379084)",,,,0,0,0,0,0,0,0,0,Unspecified,,,,,3385610,PASSENGER VEHICLE,,,,
02/07/2016,16:30,QUEENS,11412,40.6999214,-73.7651587,"(40.6999214, -73.7651587)",KEESEVILLE AVENUE               ,HANNIBAL STREET                 ,,0,0,0,0,0,0,0,0,Unspecified,Unspecified,,,,3385367,PASSENGER VEHICLE,PASSENGER VEHICLE,,,
02/07/2016,12:08,QUEENS,11422,40.6395697,-73.7423646,"(40.6395697, -73.7423646)",,,P/L 248-56 ROCKAWAY BOULEVARD           ,0,0,0,0,0,0,0,0,Unspecified,Unspecified,,,,3385254,PASSENGER VEHICLE,SPORT UTILITY / STATION WAGON,,,
02/07/2016,23:45,MANHATTAN,10032,40.8410516,-73.944679,"(40.8410516, -73.944679)",WEST 165 STREET                 ,RIVERSIDE DRIVE                 ,,0,0,0,0,0,0,0,0,Unspecified,Unspecified,,,,3385551,PASSENGER VEHICLE,UNKNOWN,,,
02/07/2016,23:00,BRONX,10456,40.8392249,-73.9150891,"(40.8392249, -73.9150891)",EAST 169 STREET                 ,SHERIDAN AVENUE                 ,,0,0,0,0,0,0,0,0,Driver Inattention/Distraction,Unspecified,,,,3385608,UNKNOWN,UNKNOWN,,,
02/07/2016,17:30,BRONX,10457,40.8483905,-73.8932024,"(40.8483905, -73.8932024)",EAST 179 STREET                 ,LAFONTAINE AVENUE               ,,1,0,0,0,1,0,0,0,Failure to Yield Right-of-Way,Driver Inexperience,,,,3385625,PASSENGER VEHICLE,BICYCLE,,,
02/07/2016,17:40,BRONX,10451,40.8205439,-73.9307752,"(40.8205439, -73.9307752)",EXTERIOR STREET                 ,EAST 150 STREET                 ,,0,0,0,0,0,0,0,0,Driver Inattention/Distraction,Unspecified,,,,3385606,SPORT UTILITY / STATION WAGON,SPORT UTILITY / STATION WAGON,,,
02/07/2016,14:44,BRONX,10456,40.8353412,-73.9046321,"(40.8353412, -73.9046321)",EAST 170 STREET                 ,WASHINGTON AVENUE               ,,1,0,0,0,0,0,1,0,Turning Improperly,Unspecified,,,,3385586,PASSENGER VEHICLE,PASSENGER VEHICLE,,,
02/07/2016,9:48,QUEENS,11385,40.7053752,-73.8686063,"(40.7053752, -73.8686063)",80 STREET                       ,78 AVENUE                       ,,2,0,2,0,0,0,0,0,Failure to Yield Right-of-Way,,,,,3385839,SPORT UTILITY / STATION WAGON,,,,
02/07/2016,4:40,,,,,,14 AVENUE                       ,127 STREET                      ,,0,0,0,0,0,0,0,0,Unspecified,Unspecified,,,,3385303,PASSENGER VEHICLE,UNKNOWN,,,
02/07/2016,11:25,BROOKLYN,11208,40.6735164,-73.8758791,"(40.6735164, -73.8758791)",LOGAN STREET                    ,BELMONT AVENUE                  ,,0,0,0,0,0,0,0,0,Unspecified,Unspecified,,,,3385754,PASSENGER VEHICLE,UNKNOWN,,,
02/07/2016,1:10,,,40.8050798,-73.9109118,"(40.8050798, -73.9109118)",,,,0,0,0,0,0,0,0,0,Unspecified,Unspecified,,,,3385032,PASSENGER VEHICLE,PASSENGER VEHICLE,,,
02/07/2016,18:50,MANHATTAN,10029,40.7872227,-73.952058,"(40.7872227, -73.952058)",PARK AVENUE                     ,EAST 97 STREET                  ,,0,0,0,0,0,0,0,0,Unspecified,,,,,3385530,SPORT UTILITY / STATION WAGON,LIVERY VEHICLE,,,
02/07/2016,10:00,BROOKLYN,11237,40.7065017,-73.9169966,"(40.7065017, -73.9169966)",DE KALB AVENUE                  ,CYPRESS AVENUE                  ,,0,0,0,0,0,0,0,0,Unspecified,Unspecified,,,,3385781,UNKNOWN,PASSENGER VEHICLE,,,
02/07/2016,9:55,QUEENS,11365,40.7369935,-73.8104838,"(40.7369935, -73.8104838)",65 AVENUE                       ,PARSONS BOULEVARD               ,,0,0,0,0,0,0,0,0,Unspecified,Unspecified,Unspecified,,,3385287,PASSENGER VEHICLE,PASSENGER VEHICLE,PASSENGER VEHICLE,,
02/07/2016,1:24,BRONX,10456,40.8345141,-73.9177042,"(40.8345141, -73.9177042)",EAST 167 STREET                 ,GRAND CONCOURSE                 ,,0,0,0,0,0,0,0,0,Outside Car Distraction,Fatigued/Drowsy,,,,3385047,PASSENGER VEHICLE,SPORT UTILITY / STATION WAGON,,,
02/07/2016,19:40,QUEENS,11355,40.7546608,-73.8331043,"(40.7546608, -73.8331043)",SANFORD AVENUE                  ,COLLEGE POINT BOULEVARD         ,,1,0,0,0,0,0,1,0,Fatigued/Drowsy,Unspecified,,,,3385905,UNKNOWN,PASSENGER VEHICLE,,,
02/07/2016,15:00,MANHATTAN,10028,40.7808583,-73.9609091,"(40.7808583, -73.9609091)",EAST 85 STREET                  ,5 AVENUE                        ,,1,0,1,0,0,0,0,0,Driver Inattention/Distraction,,,,,3384992,SPORT UTILITY / STATION WAGON,,,,
02/07/2016,10:00,BRONX,10458,40.8540409,-73.8864517,"(40.8540409, -73.8864517)",CRESCENT AVENUE                 ,BELMONT AVENUE                  ,,2,0,2,0,0,0,0,0,Traffic Control Disregarded,Unspecified,Unspecified,,,3385623,PASSENGER VEHICLE,PASSENGER VEHICLE,PASSENGER VEHICLE,PASSENGER VEHICLE,
02/07/2016,13:15,MANHATTAN,10007,40.7155915,-74.0111069,"(40.7155915, -74.0111069)",WARREN STREET                   ,GREENWICH STREET                ,,0,0,0,0,0,0,0,0,Unspecified,,,,,3384932,OTHER,OTHER,,,
02/07/2016,0:30,,,,,,118 STREET                      ,ROCKAWAY BOULEVARD              ,,0,0,0,0,0,0,0,0,Unspecified,Unspecified,,,,3385274,PASSENGER VEHICLE,UNKNOWN,,,
02/07/2016,15:10,QUEENS,11355,40.7533101,-73.8273761,"(40.7533101, -73.8273761)",MAIN STREET                     ,BLOSSOM AVENUE                  ,,0,0,0,0,0,0,0,0,Turning Improperly,Unspecified,,,,3385321,PASSENGER VEHICLE,SPORT UTILITY / STATION WAGON,,,
02/07/2016,1:00,MANHATTAN,10075,40.7750017,-73.9630861,"(40.7750017, -73.9630861)",EAST 77 STREET                  ,MADISON AVENUE                  ,,1,0,1,0,0,0,0,0,Failure to Yield Right-of-Way,,,,,3384988,PASSENGER VEHICLE,,,,
02/07/2016,16:45,BROOKLYN,11219,40.6391553,-73.9914065,"(40.6391553, -73.9914065)",12 AVENUE                       ,44 STREET                       ,,0,0,0,0,0,0,0,0,Unspecified,Unspecified,,,,3385685,PASSENGER VEHICLE,SPORT UTILITY / STATION WAGON,,,
02/07/2016,19:02,,,40.8593538,-73.8723352,"(40.8593538, -73.8723352)",,,,3,0,0,0,0,0,3,0,Alcohol Involvement,Unspecified,Unspecified,,,3385073,PASSENGER VEHICLE,SPORT UTILITY / STATION WAGON,SPORT UTILITY / STATION WAGON,,
02/07/2016,9:40,BROOKLYN,11237,40.6968248,-73.9148665,"(40.6968248, -73.9148665)",KNICKERBOCKER AVENUE            ,GATES AVENUE                    ,,0,0,0,0,0,0,0,0,Physical Disability,Physical Disability,,,,3385787,OTHER,OTHER,,,
02/07/2016,15:45,BROOKLYN,11220,40.6375709,-74.0145672,"(40.6375709, -74.0145672)",61 STREET                       ,6 AVENUE                        ,,0,0,0,0,0,0,0,0,Failure to Yield Right-of-Way,Unspecified,,,,3385727,SPORT UTILITY / STATION WAGON,PASSENGER VEHICLE,,,
02/07/2016,18:15,MANHATTAN,10031,40.8302224,-73.9476836,"(40.8302224, -73.9476836)",WEST 151 STREET                 ,BROADWAY                        ,,0,0,0,0,0,0,0,0,Driver Inattention/Distraction,Driver Inattention/Distraction,,,,3386086,OTHER,TAXI,,,
02/07/2016,10:45,QUEENS,11433,40.7084277,-73.7805483,"(40.7084277, -73.7805483)",JAMAICA AVENUE                  ,180 STREET                      ,,0,0,0,0,0,0,0,0,Unspecified,Unspecified,,,,3385229,SPORT UTILITY / STATION WAGON,SPORT UTILITY / STATION WAGON,,,
02/07/2016,8:45,QUEENS,11412,40.6944082,-73.76701,"(40.6944082, -73.76701)",DUNKIRK STREET                  ,SULLIVAN ROAD                   ,,0,0,0,0,0,0,0,0,Unspecified,Unspecified,,,,3385363,PASSENGER VEHICLE,PASSENGER VEHICLE,,,
02/07/2016,14:45,,,40.5843704,-73.9270904,"(40.5843704, -73.9270904)",,,,0,0,0,0,0,0,0,0,Driver Inattention/Distraction,Unspecified,Unspecified,,,3385658,PASSENGER VEHICLE,PASSENGER VEHICLE,UNKNOWN,,
02/07/2016,18:20,BROOKLYN,11233,40.6694768,-73.9199662,"(40.6694768, -73.9199662)",EASTERN PARKWAY                 ,HOWARD AVENUE                   ,,0,0,0,0,0,0,0,0,Unspecified,Unspecified,,,,3385739,PASSENGER VEHICLE,SPORT UTILITY / STATION WAGON,,,
02/07/2016,11:30,BROOKLYN,11209,40.6183407,-74.0301743,"(40.6183407, -74.0301743)",92 STREET                       ,4 AVENUE                        ,,0,0,0,0,0,0,0,0,Lost Consciousness,Unspecified,,,,3385698,PASSENGER VEHICLE,LIVERY VEHICLE,,,
02/07/2016,22:35,BROOKLYN,11207,40.6878902,-73.9072372,"(40.6878902, -73.9072372)",COOPER STREET                   ,CENTRAL AVENUE                  ,,0,0,0,0,0,0,0,0,Unspecified,,,,,3385785,UNKNOWN,AMBULANCE,,,
02/07/2016,16:10,STATEN ISLAND,10306,40.5737549,-74.1010094,"(40.5737549, -74.1010094)",POULTNEY STREET                 ,GREELEY AVENUE                  ,,0,0,0,0,0,0,0,0,Driver Inattention/Distraction,Unspecified,,,,3385990,PASSENGER VEHICLE,SPORT UTILITY / STATION WAGON,,,
02/07/2016,11:00,BROOKLYN,11214,40.6054825,-73.9997191,"(40.6054825, -73.9997191)",BAY 22 STREET                   ,86 STREET                       ,,0,0,0,0,0,0,0,0,Failure to Yield Right-of-Way,Failure to Yield Right-of-Way,,,,3385665,PASSENGER VEHICLE,PASSENGER VEHICLE,,,
02/07/2016,14:45,,,40.5850113,-73.9545646,"(40.5850113, -73.9545646)",,,,0,0,0,0,0,0,0,0,Unspecified,Unspecified,,,,3385087,UNKNOWN,SPORT UTILITY / STATION WAGON,,,
02/07/2016,11:10,MANHATTAN,10013,40.7247015,-74.0093189,"(40.7247015, -74.0093189)",CANAL STREET                    ,GREENWICH STREET                ,,1,0,0,0,0,0,1,0,Other Vehicular,Other Vehicular,,,,3384934,SPORT UTILITY / STATION WAGON,SPORT UTILITY / STATION WAGON,,,
02/07/2016,14:30,BROOKLYN,11225,40.6613872,-73.9536154,"(40.6613872, -73.9536154)",ROGERS AVENUE                   ,LINCOLN ROAD                    ,,0,0,0,0,0,0,0,0,Driver Inattention/Distraction,Unspecified,,,,3385723,PASSENGER VEHICLE,SPORT UTILITY / STATION WAGON,,,
02/07/2016,16:00,QUEENS,11374,40.7296315,-73.8555731,"(40.7296315, -73.8555731)",65 AVENUE                       ,99 STREET                       ,,0,0,0,0,0,0,0,0,Backing Unsafely,Unspecified,,,,3385359,SPORT UTILITY / STATION WAGON,PASSENGER VEHICLE,,,
02/07/2016,6:44,BRONX,10468,40.862735,-73.9033202,"(40.862735, -73.9033202)",WEST FORDHAM ROAD               ,GRAND AVENUE                    ,,0,0,0,0,0,0,0,0,Turning Improperly,Unspecified,,,,3385079,OTHER,PASSENGER VEHICLE,,,
02/07/2016,17:20,BROOKLYN,11216,40.6784553,-73.9496774,"(40.6784553, -73.9496774)",ATLANTIC AVENUE                 ,NOSTRAND AVENUE                 ,,0,0,0,0,0,0,0,0,Turning Improperly,Turning Improperly,,,,3387427,PASSENGER VEHICLE,PASSENGER VEHICLE,,,
02/07/2016,17:40,BROOKLYN,11223,40.6041946,-73.9721765,"(40.6041946, -73.9721765)",MC DONALD AVENUE                ,KINGS HIGHWAY                   ,,0,0,0,0,0,0,0,0,Physical Disability,Unspecified,,,,3385659,SPORT UTILITY / STATION WAGON,PASSENGER VEHICLE,,,
02/07/2016,14:35,MANHATTAN,10038,40.7072699,-74.0043138,"(40.7072699, -74.0043138)",WATER STREET                    ,BEEKMAN STREET                  ,,0,0,0,0,0,0,0,0,Turning Improperly,Other Vehicular,,,,3384935,TAXI,TAXI,,,
02/07/2016,12:45,BROOKLYN,11218,40.6379102,-73.9786336,"(40.6379102, -73.9786336)",MC DONALD AVENUE                ,CORTELYOU ROAD                  ,,0,0,0,0,0,0,0,0,Unspecified,Unspecified,,,,3385678,PASSENGER VEHICLE,UNKNOWN,,,
02/07/2016,1:35,BROOKLYN,11249,40.7222869,-73.9574621,"(40.7222869, -73.9574621)",WYTHE AVENUE                    ,NORTH 12 STREET                 ,,0,0,0,0,0,0,0,0,Driver Inattention/Distraction,Unspecified,,,,3385809,SPORT UTILITY / STATION WAGON,TAXI,,,
02/07/2016,15:20,BRONX,10456,40.8294526,-73.9065701,"(40.8294526, -73.9065701)",EAST 167 STREET                 ,3 AVENUE                        ,,0,0,0,0,0,0,0,0,Unspecified,Unspecified,,,,3385037,VAN,SPORT UTILITY / STATION WAGON,,,
02/07/2016,15:47,BROOKLYN,11236,40.635508,-73.9132766,"(40.635508, -73.9132766)",FLATLANDS AVENUE                ,EAST 80 STREET                  ,,0,0,0,0,0,0,0,0,Unspecified,Unspecified,,,,3385145,PASSENGER VEHICLE,PASSENGER VEHICLE,,,
02/07/2016,18:10,,,40.7233371,-73.9388732,"(40.7233371, -73.9388732)",,,,0,0,0,0,0,0,0,0,Fatigued/Drowsy,Unspecified,,,,3385810,PASSENGER VEHICLE,PASSENGER VEHICLE,,,
02/07/2016,12:30,MANHATTAN,10037,40.8160255,-73.9394577,"(40.8160255, -73.9394577)",WEST 138 STREET                 ,LENOX AVENUE                    ,,0,0,0,0,0,0,0,0,Unspecified,Unspecified,,,,3385015,PASSENGER VEHICLE,UNKNOWN,,,
02/07/2016,14:00,STATEN ISLAND,10304,40.6094024,-74.0901074,"(40.6094024, -74.0901074)",NARROWS ROAD NORTH              ,RICHMOND ROAD                   ,,0,0,0,0,0,0,0,0,Unspecified,Unspecified,,,,3385975,PASSENGER VEHICLE,SPORT UTILITY / STATION WAGON,,,
02/07/2016,22:30,BROOKLYN,11235,40.5783179,-73.9398028,"(40.5783179, -73.9398028)",MACKENZIE STREET                ,ORIENTAL BOULEVARD              ,,0,0,0,0,0,0,0,0,Unspecified,Unspecified,,,,3386206,PASSENGER VEHICLE,UNKNOWN,,,
02/07/2016,8:51,,,,,,CADMAN PLAZA WEST               ,PROSPECT AVENUE                 ,,0,0,0,0,0,0,0,0,Lost Consciousness,Unspecified,,,,3385206,SPORT UTILITY / STATION WAGON,SPORT UTILITY / STATION WAGON,,,
02/07/2016,16:42,MANHATTAN,10023,40.7786073,-73.9816215,"(40.7786073, -73.9816215)",WEST 72 STREET                  ,AMSTERDAM AVENUE                ,,0,0,0,0,0,0,0,0,Unspecified,Unspecified,,,,3385523,PASSENGER VEHICLE,SMALL COM VEH(4 TIRES) ,,,
02/07/2016,20:50,QUEENS,11106,40.7587064,-73.937918,"(40.7587064, -73.937918)",21 STREET                       ,37 AVENUE                       ,,3,0,0,0,0,0,3,0,Driver Inattention/Distraction,Unspecified,,,,3386492,PASSENGER VEHICLE,SPORT UTILITY / STATION WAGON,,,
02/07/2016,13:00,STATEN ISLAND,10306,40.5675778,-74.1271454,"(40.5675778, -74.1271454)",AMBER STREET                    ,AMBOY ROAD                      ,,0,0,0,0,0,0,0,0,Other Vehicular,Other Vehicular,,,,3385436,SPORT UTILITY / STATION WAGON,PASSENGER VEHICLE,,,
02/07/2016,16:15,MANHATTAN,10024,40.7845218,-73.9794713,"(40.7845218, -73.9794713)",BROADWAY                        ,WEST 80 STREET                  ,,0,0,0,0,0,0,0,0,Unspecified,Unspecified,,,,3385522,PASSENGER VEHICLE,UNKNOWN,,,
02/07/2016,19:10,,,40.6096429,-73.8973669,"(40.6096429, -73.8973669)",,,,0,0,0,0,0,0,0,0,Driver Inattention/Distraction,Unspecified,,,,3386225,PASSENGER VEHICLE,PASSENGER VEHICLE,,,
02/07/2016,17:30,QUEENS,11369,40.7651673,-73.8842712,"(40.7651673, -73.8842712)",85 STREET                       ,24 AVENUE                       ,,4,0,0,0,0,0,4,0,Alcohol Involvement,Unspecified,,,,3385414,SPORT UTILITY / STATION WAGON,UNKNOWN,,,
02/07/2016,7:46,QUEENS,11423,40.7120058,-73.7581039,"(40.7120058, -73.7581039)",99 AVENUE                       ,202 STREET                      ,,1,0,0,0,0,0,1,0,Lost Consciousness,Unspecified,,,,3385225,PASSENGER VEHICLE,PASSENGER VEHICLE,,,
02/07/2016,3:46,,,40.7831836,-73.9436089,"(40.7831836, -73.9436089)",,,,0,0,0,0,0,0,0,0,Other Vehicular,Unspecified,,,,3384989,TAXI,TAXI,,,
02/07/2016,14:50,MANHATTAN,10022,40.7603642,-73.9737646,"(40.7603642, -73.9737646)",MADISON AVENUE                  ,EAST 54 STREET                  ,,0,0,0,0,0,0,0,0,Driver Inattention/Distraction,Unspecified,,,,3385500,SPORT UTILITY / STATION WAGON,PASSENGER VEHICLE,,,
02/07/2016,13:50,QUEENS,11364,40.7372562,-73.7626816,"(40.7372562, -73.7626816)",210 STREET                      ,75 AVENUE                       ,,0,0,0,0,0,0,0,0,Glare,Unspecified,,,,3385293,PASSENGER VEHICLE,PASSENGER VEHICLE,,,
02/07/2016,11:45,BROOKLYN,11218,40.6392972,-73.9840884,"(40.6392972, -73.9840884)",39 STREET                       ,14 AVENUE                       ,,0,0,0,0,0,0,0,0,Alcohol Involvement,Unspecified,,,,3385684,SPORT UTILITY / STATION WAGON,SPORT UTILITY / STATION WAGON,,,
02/07/2016,0:21,BRONX,10458,40.8560276,-73.8832708,"(40.8560276, -73.8832708)",BEAUMONT AVENUE                 ,EAST 189 STREET                 ,,0,0,0,0,0,0,0,0,Driver Inattention/Distraction,Unspecified,,,,3386730,PASSENGER VEHICLE,PASSENGER VEHICLE,,,
02/07/2016,17:15,QUEENS,11419,40.6866946,-73.8149753,"(40.6866946, -73.8149753)",107 AVENUE                      ,129 STREET                      ,,0,0,0,0,0,0,0,0,Unspecified,Unspecified,,,,3385278,SPORT UTILITY / STATION WAGON,PASSENGER VEHICLE,,,
02/07/2016,3:00,BROOKLYN,11218,40.6388964,-73.9698128,"(40.6388964, -73.9698128)",EAST 9 STREET                   ,CORTELYOU ROAD                  ,,0,0,0,0,0,0,0,0,Unspecified,,,,,3385110,LIVERY VEHICLE,PASSENGER VEHICLE,,,
02/07/2016,10:15,,,,,,,,,0,0,0,0,0,0,0,0,Driver Inattention/Distraction,Unspecified,,,,3385331,PASSENGER VEHICLE,SPORT UTILITY / STATION WAGON,,,
02/07/2016,12:50,MANHATTAN,10022,40.759308,-73.9652931,"(40.759308, -73.9652931)",EAST 57 STREET                  ,2 AVENUE                        ,,0,0,0,0,0,0,0,0,Unspecified,Unspecified,Unspecified,,,3384979,PASSENGER VEHICLE,TAXI,SPORT UTILITY / STATION WAGON,,
02/07/2016,1:00,MANHATTAN,10032,40.834114,-73.941118,"(40.834114, -73.941118)",AMSTERDAM AVENUE                ,WEST 159 STREET                 ,,0,0,0,0,0,0,0,0,Prescription Medication,Unspecified,,,,3385019,UNKNOWN,TAXI,,,
02/07/2016,15:30,BROOKLYN,11232,40.6549544,-74.007017,"(40.6549544, -74.007017)",37 STREET                       ,3 AVENUE                        ,,1,0,1,0,0,0,0,0,Backing Unsafely,,,,,3385728,PASSENGER VEHICLE,,,,
02/07/2016,17:00,MANHATTAN,10016,40.7463915,-73.9776353,"(40.7463915, -73.9776353)",EAST 35 STREET                  ,3 AVENUE                        ,,0,0,0,0,0,0,0,0,Outside Car Distraction,Turning Improperly,,,,3385487,TAXI,PASSENGER VEHICLE,,,
02/07/2016,14:10,,,40.7391709,-73.8158724,"(40.7391709, -73.8158724)",,,,0,0,0,0,0,0,0,0,Driver Inattention/Distraction,Unspecified,,,,3385915,PASSENGER VEHICLE,PASSENGER VEHICLE,,,
02/07/2016,20:00,QUEENS,11375,40.7145547,-73.8314588,"(40.7145547, -73.8314588)",QUEENS BOULEVARD                ,78 CRESCENT                     ,,0,0,0,0,0,0,0,0,Fatigued/Drowsy,Unspecified,,,,3385940,PASSENGER VEHICLE,SPORT UTILITY / STATION WAGON,,,
02/07/2016,17:15,BROOKLYN,11213,40.6731052,-73.9279289,"(40.6731052, -73.9279289)",PROSPECT PLACE                  ,ROCHESTER AVENUE                ,,0,0,0,0,0,0,0,0,Unspecified,Unspecified,Unspecified,Unspecified,,3385184,PASSENGER VEHICLE,PASSENGER VEHICLE,PASSENGER VEHICLE,UNKNOWN,
02/07/2016,17:50,QUEENS,11419,40.6900457,-73.8148037,"(40.6900457, -73.8148037)",LIBERTY AVENUE                  ,131 STREET                      ,,0,0,0,0,0,0,0,0,Illness,Unspecified,,,,3385279,SPORT UTILITY / STATION WAGON,PASSENGER VEHICLE,,,
02/07/2016,5:20,,,,,,QUEENS PLAZA SOUTH              ,27 STREET                       ,,0,0,0,0,0,0,0,0,Driver Inattention/Distraction,Unspecified,,,,3385900,BUS,TAXI,,,
02/07/2016,12:12,BROOKLYN,11206,40.7054412,-73.9479799,"(40.7054412, -73.9479799)",LORIMER STREET                  ,BOERUM STREET                   ,,0,0,0,0,0,0,0,0,Turning Improperly,Unspecified,,,,3385215,PASSENGER VEHICLE,SPORT UTILITY / STATION WAGON,,,
02/07/2016,6:25,BROOKLYN,11216,40.6732722,-73.9473957,"(40.6732722, -73.9473957)",PARK PLACE                      ,NEW YORK AVENUE                 ,,0,0,0,0,0,0,0,0,Unspecified,Unspecified,Unspecified,,,3385183,PASSENGER VEHICLE,PASSENGER VEHICLE,PASSENGER VEHICLE,,
02/07/2016,23:00,BROOKLYN,11210,40.6214741,-73.950711,"(40.6214741, -73.950711)",BEDFORD AVENUE                  ,AVENUE L                        ,,1,0,0,0,0,0,1,0,Driver Inattention/Distraction,Unspecified,,,,3385713,PASSENGER VEHICLE,PASSENGER VEHICLE,,,
02/07/2016,16:35,MANHATTAN,10027,40.8141445,-73.9557055,"(40.8141445, -73.9557055)",AMSTERDAM AVENUE                ,WEST 126 STREET                 ,,0,0,0,0,0,0,0,0,Unspecified,Unspecified,,,,3385540,PASSENGER VEHICLE,PASSENGER VEHICLE,,,
02/07/2016,8:00,BROOKLYN,11208,40.6877043,-73.8734873,"(40.6877043, -73.8734873)",COX PLACE                       ,CRESCENT STREET                 ,,0,0,0,0,0,0,0,0,Unspecified,Unspecified,,,,3385742,SPORT UTILITY / STATION WAGON,UNKNOWN,,,
02/07/2016,19:22,BROOKLYN,11217,40.6818344,-73.9758325,"(40.6818344, -73.9758325)",FLATBUSH AVENUE                 ,DEAN STREET                     ,,0,0,0,0,0,0,0,0,Unspecified,Unspecified,,,,3386324,SPORT UTILITY / STATION WAGON,VAN,,,
02/07/2016,13:40,QUEENS,11435,40.7037702,-73.8052116,"(40.7037702, -73.8052116)",150 STREET                      ,90 AVENUE                       ,,0,0,0,0,0,0,0,0,Unspecified,Unspecified,,,,3385228,PASSENGER VEHICLE,UNKNOWN,,,
02/07/2016,18:36,MANHATTAN,10027,40.8093398,-73.9592163,"(40.8093398, -73.9592163)",WEST 120 STREET                 ,AMSTERDAM AVENUE                ,,0,0,0,0,0,0,0,0,Unspecified,Unspecified,,,,3385538,PASSENGER VEHICLE,UNKNOWN,,,
02/07/2016,3:00,QUEENS,11435,40.6853403,-73.8043027,"(40.6853403, -73.8043027)",111 AVENUE                      ,140 STREET                      ,,0,0,0,0,0,0,0,0,Unspecified,,,,,3385362,PASSENGER VEHICLE,,,,
02/07/2016,12:00,MANHATTAN,10021,40.7674936,-73.9593177,"(40.7674936, -73.9593177)",2 AVENUE                        ,EAST 70 STREET                  ,,1,0,0,0,1,0,0,0,Lost Consciousness,Unspecified,Unspecified,,,3384990,TAXI,BICYCLE,TAXI,,
02/07/2016,16:30,BROOKLYN,11209,40.6308307,-74.0250857,"(40.6308307, -74.0250857)",4 AVENUE                        ,BAY RIDGE PARKWAY               ,,0,0,0,0,0,0,0,0,Cell Phone (hands-free),,,,,3385699,PASSENGER VEHICLE,PASSENGER VEHICLE,,,
02/07/2016,23:30,BROOKLYN,11238,40.6759273,-73.9560676,"(40.6759273, -73.9560676)",FRANKLIN AVENUE                 ,SAINT MARKS AVENUE              ,,0,0,0,0,0,0,0,0,Unspecified,Unspecified,,,,3385763,SPORT UTILITY / STATION WAGON,PASSENGER VEHICLE,,,
02/07/2016,10:29,QUEENS,11103,40.7601874,-73.9146953,"(40.7601874, -73.9146953)",43 STREET                       ,31 AVENUE                       ,,0,0,0,0,0,0,0,0,Fatigued/Drowsy,Unspecified,,,,3386494,PASSENGER VEHICLE,UNKNOWN,,,
02/07/2016,12:55,,,40.6039836,-74.1207361,"(40.6039836, -74.1207361)",,,P/L OF 931 MANOR ROAD                   ,0,0,0,0,0,0,0,0,Other Vehicular,Other Vehicular,,,,3385434,SPORT UTILITY / STATION WAGON,SPORT UTILITY / STATION WAGON,,,
02/07/2016,15:30,BROOKLYN,11232,40.6531978,-74.0055789,"(40.6531978, -74.0055789)",38 STREET                       ,4 AVENUE                        ,,0,0,0,0,0,0,0,0,Lost Consciousness,Unspecified,,,,3385729,PASSENGER VEHICLE,PASSENGER VEHICLE,,,
02/07/2016,4:35,,,40.7473799,-73.8350851,"(40.7473799, -73.8350851)",,,,0,0,0,0,0,0,0,0,Outside Car Distraction,,,,,3385925,PASSENGER VEHICLE,,,,
02/07/2016,1:12,,,,,,,,,0,0,0,0,0,0,0,0,Unspecified,Unspecified,,,,3384942,TAXI,SPORT UTILITY / STATION WAGON,,,
02/07/2016,18:00,QUEENS,11420,40.6656865,-73.8204297,"(40.6656865, -73.8204297)",NORTH CONDUIT AVENUE            ,121 STREET                      ,,1,0,0,0,0,0,1,0,Aggressive Driving/Road Rage,Unspecified,Unspecified,Unspecified,,3385873,SPORT UTILITY / STATION WAGON,PASSENGER VEHICLE,PASSENGER VEHICLE,UNKNOWN,
02/07/2016,19:30,,,,,,,,,0,0,0,0,0,0,0,0,Unspecified,Unspecified,,,,3385733,PASSENGER VEHICLE,PASSENGER VEHICLE,,,
02/07/2016,17:23,BROOKLYN,11212,40.6586744,-73.9001884,"(40.6586744, -73.9001884)",NEW LOTS AVENUE                 ,JUNIUS STREET                   ,,0,0,0,0,0,0,0,0,Unspecified,Unspecified,,,,3385734,PASSENGER VEHICLE,UNKNOWN,,,
02/07/2016,0:30,,,,,,QUEENS BOULEVARD                ,VAN WYCK EXPRESSWAY             ,,0,0,0,0,0,0,0,0,Driver Inattention/Distraction,Unspecified,,,,3385820,PASSENGER VEHICLE,PASSENGER VEHICLE,,,
02/07/2016,13:26,QUEENS,11004,40.7410491,-73.7087109,"(40.7410491, -73.7087109)",82 AVENUE                       ,261 STREET                      ,,0,0,0,0,0,0,0,0,Unspecified,,,,,3385251,UNKNOWN,,,,
02/07/2016,10:35,QUEENS,11370,40.764912,-73.8842139,"(40.764912, -73.8842139)",,,24-11 85 ST                             ,0,0,0,0,0,0,0,0,Other Vehicular,Unspecified,,,,3385416,SPORT UTILITY / STATION WAGON,SPORT UTILITY / STATION WAGON,,,
02/07/2016,22:56,MANHATTAN,10012,40.7213093,-73.994704,"(40.7213093, -73.994704)",SPRING STREET                   ,ELIZABETH STREET                ,,0,0,0,0,0,0,0,0,Oversized Vehicle,Unspecified,,,,3385463,PASSENGER VEHICLE,PICK-UP TRUCK,,,
02/07/2016,22:19,QUEENS,11373,40.7423486,-73.8699408,"(40.7423486, -73.8699408)",94 STREET                       ,CORONA AVENUE                   ,,0,0,0,0,0,0,0,0,Other Vehicular,Unspecified,,,,3385924,PASSENGER VEHICLE,PASSENGER VEHICLE,,,
02/07/2016,9:45,BROOKLYN,11228,40.6184717,-74.0212161,"(40.6184717, -74.0212161)",7 AVENUE                        ,86 STREET                       ,,0,0,0,0,0,0,0,0,Prescription Medication,Unspecified,Unspecified,,,3385704,PASSENGER VEHICLE,UNKNOWN,PASSENGER VEHICLE,,
02/07/2016,4:50,,,40.7225802,-73.9404817,"(40.7225802, -73.9404817)",,,,4,0,0,0,0,0,4,0,Lost Consciousness,Unspecified,,,,3385807,SPORT UTILITY / STATION WAGON,SPORT UTILITY / STATION WAGON,,,
02/07/2016,18:23,,,40.7611455,-73.7554844,"(40.7611455, -73.7554844)",,,,0,0,0,0,0,0,0,0,Fatigued/Drowsy,Unspecified,,,,3385350,PASSENGER VEHICLE,PASSENGER VEHICLE,,,
02/07/2016,14:43,MANHATTAN,10016,40.7465356,-73.9859503,"(40.7465356, -73.9859503)",WEST 31 STREET                  ,5 AVENUE                        ,,0,0,0,0,0,0,0,0,Fatigued/Drowsy,Unspecified,,,,3384976,TAXI,PASSENGER VEHICLE,,,
02/07/2016,11:15,BROOKLYN,11221,40.6857635,-73.9414942,"(40.6857635, -73.9414942)",THROOP AVENUE                   ,MADISON STREET                  ,,0,0,0,0,0,0,0,0,Unspecified,Unspecified,,,,3385770,PASSENGER VEHICLE,UNKNOWN,,,
02/07/2016,11:10,BROOKLYN,11213,40.6661246,-73.9313824,"(40.6661246, -73.9313824)",UTICA AVENUE                    ,CARROLL STREET                  ,,0,0,0,0,0,0,0,0,Unspecified,Unspecified,,,,3385160,SPORT UTILITY / STATION WAGON,UNKNOWN,,,
02/07/2016,18:57,QUEENS,11421,40.6854852,-73.8581999,"(40.6854852, -73.8581999)",ATLANTIC AVENUE                 ,83 STREET                       ,,0,0,0,0,0,0,0,0,Driver Inattention/Distraction,Unspecified,,,,3385826,PASSENGER VEHICLE,PASSENGER VEHICLE,,,
02/07/2016,8:35,MANHATTAN,10001,40.7504525,-73.9872921,"(40.7504525, -73.9872921)",WEST 35 STREET                  ,6 AVENUE                        ,,0,0,0,0,0,0,0,0,Unspecified,Unspecified,,,,3384974,SMALL COM VEH(4 TIRES) ,PASSENGER VEHICLE,,,
02/07/2016,2:37,BROOKLYN,11217,40.6807335,-73.9745025,"(40.6807335, -73.9745025)",6 AVENUE                        ,BERGEN STREET                   ,,0,0,0,0,0,0,0,0,Unspecified,Unspecified,,,,3385185,UNKNOWN,PASSENGER VEHICLE,,,
02/07/2016,16:08,QUEENS,11418,40.7021561,-73.8387827,"(40.7021561, -73.8387827)",84 AVENUE                       ,112 STREET                      ,,0,0,0,0,0,0,0,0,Driver Inattention/Distraction,Unspecified,,,,3385825,PASSENGER VEHICLE,PASSENGER VEHICLE,,,
02/07/2016,15:10,BROOKLYN,11203,40.642134,-73.9293532,"(40.642134, -73.9293532)",AVENUE D                        ,UTICA AVENUE                    ,,0,0,0,0,0,0,0,0,Driver Inattention/Distraction,Unspecified,,,,3385135,PASSENGER VEHICLE,PASSENGER VEHICLE,,,
02/07/2016,17:30,QUEENS,11372,40.7493558,-73.8880269,"(40.7493558, -73.8880269)",78 STREET                       ,37 AVENUE                       ,,0,0,0,0,0,0,0,0,Unspecified,Unspecified,,,,3385412,SPORT UTILITY / STATION WAGON,SPORT UTILITY / STATION WAGON,,,
02/07/2016,16:00,MANHATTAN,10033,40.8523802,-73.9314939,"(40.8523802, -73.9314939)",SAINT NICHOLAS AVENUE           ,WEST 186 STREET                 ,,0,0,0,0,0,0,0,0,Backing Unsafely,Unspecified,,,,3385027,VAN,PASSENGER VEHICLE,,,
02/07/2016,4:05,BRONX,10463,40.8707826,-73.9068519,"(40.8707826, -73.9068519)",BAILEY AVENUE                   ,WEST 193 STREET                 ,,3,0,0,0,0,0,3,0,Alcohol Involvement,Traffic Control Disregarded,,,,3385082,PASSENGER VEHICLE,PASSENGER VEHICLE,,,
02/07/2016,12:30,QUEENS,11421,40.6906853,-73.8663347,"(40.6906853, -73.8663347)",87 AVENUE                       ,75 STREET                       ,,0,0,0,0,0,0,0,0,Driver Inattention/Distraction,Unspecified,,,,3385823,PASSENGER VEHICLE,SPORT UTILITY / STATION WAGON,,,
02/07/2016,14:45,,,,,,GRAND CENTRAL PARKWAY E SVC RD  ,LITTLE NECK PARKWAY             ,,0,0,0,0,0,0,0,0,Unspecified,Unspecified,,,,3385256,UNKNOWN,SPORT UTILITY / STATION WAGON,,,
02/07/2016,16:40,MANHATTAN,10022,40.7615508,-73.9665842,"(40.7615508, -73.9665842)",EAST 59 STREET                  ,3 AVENUE                        ,,0,0,0,0,0,0,0,0,Unspecified,Unspecified,,,,3384981,SMALL COM VEH(4 TIRES) ,SPORT UTILITY / STATION WAGON,,,
02/07/2016,16:44,QUEENS,11420,40.6708777,-73.8227336,"(40.6708777, -73.8227336)",135 AVENUE                      ,117 STREET                      ,,0,0,0,0,0,0,0,0,Driver Inattention/Distraction,Unspecified,,,,3385872,PASSENGER VEHICLE,UNKNOWN,,,
02/07/2016,18:20,BROOKLYN,11208,40.6744045,-73.8697525,"(40.6744045, -73.8697525)",BELMONT AVENUE                  ,CRESCENT STREET                 ,,0,0,0,0,0,0,0,0,Unspecified,Unspecified,,,,3385755,SPORT UTILITY / STATION WAGON,PASSENGER VEHICLE,,,
02/07/2016,11:30,BROOKLYN,11213,40.6686159,-73.9450455,"(40.6686159, -73.9450455)",UNION STREET                    ,BROOKLYN AVENUE                 ,,0,0,0,0,0,0,0,0,Driver Inattention/Distraction,Failure to Yield Right-of-Way,,,,3385721,SPORT UTILITY / STATION WAGON,PASSENGER VEHICLE,,,
02/07/2016,16:11,,,,,,WEST KINGSBRIDGE ROAD           ,RESERVOIR AVENUE                ,,0,0,0,0,0,0,0,0,Prescription Medication,Unspecified,,,,3385639,PASSENGER VEHICLE,SPORT UTILITY / STATION WAGON,,,
02/07/2016,17:34,QUEENS,11379,40.7270903,-73.8747078,"(40.7270903, -73.8747078)",ELIOT AVENUE                    ,84 STREET                       ,,0,0,0,0,0,0,0,0,Fatigued/Drowsy,Lost Consciousness,,,,3385843,PASSENGER VEHICLE,SPORT UTILITY / STATION WAGON,,,
02/07/2016,17:30,,,40.8180094,-73.9614777,"(40.8180094, -73.9614777)",,,,1,0,0,0,0,0,1,0,Outside Car Distraction,Unspecified,,,,3385541,PASSENGER VEHICLE,SPORT UTILITY / STATION WAGON,,,
02/07/2016,7:47,QUEENS,11423,40.7116259,-73.7549743,"(40.7116259, -73.7549743)",100 AVENUE                      ,205 STREET                      ,,1,0,0,0,0,0,1,0,Traffic Control Disregarded,Unspecified,Unspecified,,,3385226,PASSENGER VEHICLE,PASSENGER VEHICLE,PASSENGER VEHICLE,,
02/07/2016,4:00,BROOKLYN,11213,40.670887,-73.9364893,"(40.670887, -73.9364893)",TROY AVENUE                     ,SAINT JOHNS PLACE               ,,0,0,0,0,0,0,0,0,Lost Consciousness,Unspecified,,,,3385182,PASSENGER VEHICLE,SPORT UTILITY / STATION WAGON,,,
02/07/2016,13:50,,,,,,RICHMOND AVENUE                 ,VICTORY BOULEVARD               ,,0,0,0,0,0,0,0,0,Unspecified,Unspecified,,,,3385426,PASSENGER VEHICLE,PASSENGER VEHICLE,,,
02/07/2016,12:38,QUEENS,11368,40.7465954,-73.856637,"(40.7465954, -73.856637)",47 AVENUE                       ,108 STREET                      ,,0,0,0,0,0,0,0,0,Driver Inattention/Distraction,Driver Inattention/Distraction,,,,3385921,PASSENGER VEHICLE,PASSENGER VEHICLE,,,
02/07/2016,15:20,BROOKLYN,11230,40.6241708,-73.9704715,"(40.6241708, -73.9704715)",OCEAN PARKWAY                   ,AVENUE J                        ,,0,0,0,0,0,0,0,0,Unspecified,Unspecified,,,,3385679,PASSENGER VEHICLE,UNKNOWN,,,
02/07/2016,20:35,,,,,,UTICA AVENUE                    ,EAST NEW YORK AVENUE            ,,0,0,0,0,0,0,0,0,Turning Improperly,Lost Consciousness,,,,3385725,PASSENGER VEHICLE,PASSENGER VEHICLE,,,
02/07/2016,15:50,BROOKLYN,11236,40.6386809,-73.9168107,"(40.6386809, -73.9168107)",FARRAGUT ROAD                   ,EAST 80 STREET                  ,,0,0,0,0,0,0,0,0,Unspecified,Unspecified,,,,3385146,PASSENGER VEHICLE,SPORT UTILITY / STATION WAGON,,,
02/07/2016,14:00,MANHATTAN,10075,40.7733356,-73.9550538,"(40.7733356, -73.9550538)",EAST 79 STREET                  ,2 AVENUE                        ,,0,0,0,0,0,0,0,0,Other Vehicular,Other Vehicular,,,,3385515,BUS,PASSENGER VEHICLE,,,
02/07/2016,15:44,,,40.7050949,-73.8526017,"(40.7050949, -73.8526017)",,,,0,0,0,0,0,0,0,0,Unspecified,Unspecified,,,,3388094,PASSENGER VEHICLE,OTHER,,,
02/07/2016,18:15,MANHATTAN,10034,40.8664489,-73.9304888,"(40.8664489, -73.9304888)",RIVERSIDE DRIVE                 ,HENSHAW STREET                  ,,0,0,0,0,0,0,0,0,Driver Inattention/Distraction,Driver Inattention/Distraction,,,,3386097,PASSENGER VEHICLE,PASSENGER VEHICLE,,,
02/07/2016,15:00,QUEENS,11103,40.7650201,-73.9173894,"(40.7650201, -73.9173894)",36 STREET                       ,30 AVENUE                       ,,0,0,0,0,0,0,0,0,Illness,Unspecified,,,,3386490,PASSENGER VEHICLE,TAXI,,,
02/07/2016,8:45,QUEENS,11412,40.6850987,-73.760729,"(40.6850987, -73.760729)",FARMERS BOULEVARD               ,121 AVENUE                      ,,0,0,0,0,0,0,0,0,Driver Inattention/Distraction,Unspecified,,,,3385365,SPORT UTILITY / STATION WAGON,UNKNOWN,,,
02/07/2016,17:20,MANHATTAN,10022,40.7599831,-73.9648018,"(40.7599831, -73.9648018)",EAST 58 STREET                  ,2 AVENUE                        ,,0,0,0,0,0,0,0,0,Driver Inattention/Distraction,Unspecified,,,,3384982,VAN,PASSENGER VEHICLE,,,
02/07/2016,19:19,,,40.7690674,-73.8368882,"(40.7690674, -73.8368882)",,,,1,0,0,0,0,0,1,0,Fatigued/Drowsy,Outside Car Distraction,Unspecified,,,3385908,PASSENGER VEHICLE,PASSENGER VEHICLE,PASSENGER VEHICLE,,
02/07/2016,20:53,,,,,,CORONA AVENUE                   ,99 STREET                       ,,0,0,0,0,0,0,0,0,Fatigued/Drowsy,Unspecified,,,,3385923,PASSENGER VEHICLE,PASSENGER VEHICLE,,,
02/07/2016,22:39,QUEENS,11412,40.7042781,-73.7498545,"(40.7042781, -73.7498545)",FRANCIS LEWIS BOULEVARD         ,112 AVENUE                      ,,0,0,0,0,0,0,0,0,Unspecified,Unspecified,,,,3385852,PASSENGER VEHICLE,FIRE TRUCK,,,
02/07/2016,19:45,BRONX,10456,40.8227143,-73.9031399,"(40.8227143, -73.9031399)",EAST 163 STREET                 ,TINTON AVENUE                   ,,0,0,0,0,0,0,0,0,Driver Inattention/Distraction,,,,,3385589,PASSENGER VEHICLE,,,,
02/07/2016,0:30,MANHATTAN,10001,40.7509033,-73.9981196,"(40.7509033, -73.9981196)",WEST 30 STREET                  ,9 AVENUE                        ,,0,0,0,0,0,0,0,0,Backing Unsafely,Unspecified,,,,3384972,PASSENGER VEHICLE,PASSENGER VEHICLE,,,
02/07/2016,16:45,,,40.7818569,-73.8252243,"(40.7818569, -73.8252243)",20 AVENUE                       ,WHITESTONE EXPRESSWAY           ,,0,0,0,0,0,0,0,0,Unspecified,Unspecified,,,,3385912,PASSENGER VEHICLE,PASSENGER VEHICLE,,,
02/07/2016,19:05,BRONX,10452,40.8407868,-73.9231971,"(40.8407868, -73.9231971)",NELSON AVENUE                   ,WEST 170 STREET                 ,,0,0,0,0,0,0,0,0,Failure to Yield Right-of-Way,,,,,3385607,LIVERY VEHICLE,,,,
02/07/2016,23:00,,,,,,ARLENE STREET                   ,LAMBERTS LANE                   ,,0,0,0,0,0,0,0,0,Unspecified,Unspecified,,,,3385983,PASSENGER VEHICLE,UNKNOWN,,,
02/07/2016,11:38,,,,,,COOP CITY BOULEVARD             ,BELLAMY LOOP                    ,,0,0,0,0,0,0,0,0,Unspecified,,,,,3385049,SPORT UTILITY / STATION WAGON,,,,
02/07/2016,4:30,QUEENS,11417,40.6781722,-73.8574836,"(40.6781722, -73.8574836)",80 STREET                       ,GLENMORE AVENUE                 ,,0,0,0,0,0,0,0,0,Unspecified,Unspecified,,,,3385273,SPORT UTILITY / STATION WAGON,UNKNOWN,,,
02/07/2016,17:40,BROOKLYN,11233,40.6761899,-73.9080899,"(40.6761899, -73.9080899)",EASTERN PARKWAY                 ,ATLANTIC AVENUE                 ,,0,0,0,0,0,0,0,0,Unspecified,Unspecified,,,,3385735,PASSENGER VEHICLE,UNKNOWN,,,
02/07/2016,10:58,QUEENS,11426,40.7413881,-73.7248837,"(40.7413881, -73.7248837)",UNION TURNPIKE                  ,244 STREET                      ,,1,0,0,0,0,0,1,0,Unspecified,Unspecified,Unspecified,,,3385249,VAN,PICK-UP TRUCK,PASSENGER VEHICLE,,
02/07/2016,16:18,MANHATTAN,10036,40.7649043,-73.9981373,"(40.7649043, -73.9981373)",WEST 47 STREET                  ,WEST SIDE HIGHWAY               ,,0,0,0,0,0,0,0,0,Driver Inattention/Distraction,Unspecified,,,,3385501,PASSENGER VEHICLE,TAXI,,,
02/07/2016,23:50,,,40.7031321,-73.8167895,"(40.7031321, -73.8167895)",,,,0,0,0,0,0,0,0,0,Turning Improperly,Unspecified,,,,3385834,LARGE COM VEH(6 OR MORE TIRES),PASSENGER VEHICLE,,,
02/07/2016,13:00,,,,,,TOMPKINS CIRCLE                 ,FIEDLER AVENUE                  ,,0,0,0,0,0,0,0,0,Driver Inattention/Distraction,Driver Inattention/Distraction,,,,3385977,SPORT UTILITY / STATION WAGON,UNKNOWN,,,
02/07/2016,17:30,BROOKLYN,11201,40.6976294,-73.9852826,"(40.6976294, -73.9852826)",FLATBUSH AVENUE EXTENSION       ,CONCORD STREET                  ,,0,0,0,0,0,0,0,0,Unspecified,Unspecified,,,,3385209,PASSENGER VEHICLE,PASSENGER VEHICLE,,,
02/07/2016,7:00,QUEENS,11368,40.743785,-73.8659069,"(40.743785, -73.8659069)",CORONA AVENUE                   ,46 AVENUE                       ,,0,0,0,0,0,0,0,0,Driver Inattention/Distraction,Unspecified,,,,3385328,SPORT UTILITY / STATION WAGON,PASSENGER VEHICLE,,,
02/07/2016,18:10,,,,,,ROSEDALE AVENUE                 ,RANDALL AVENUE                  ,,1,0,0,0,0,0,1,0,Unspecified,Unspecified,,,,3385591,PASSENGER VEHICLE,OTHER,,,
02/07/2016,15:45,MANHATTAN,10029,40.7878008,-73.9495225,"(40.7878008, -73.9495225)",EAST 99 STREET                  ,LEXINGTON AVENUE                ,,0,0,0,0,0,0,0,0,Driver Inattention/Distraction,Unspecified,,,,3385002,TAXI,TAXI,,,
02/07/2016,22:30,QUEENS,11436,40.6794745,-73.8025641,"(40.6794745, -73.8025641)",116 AVENUE                      ,139 STREET                      ,,0,0,0,0,0,0,0,0,Unspecified,Unspecified,,,,3385948,PASSENGER VEHICLE,SPORT UTILITY / STATION WAGON,,,
02/07/2016,0:20,QUEENS,11361,40.7636007,-73.7709699,"(40.7636007, -73.7709699)",41 AVENUE                       ,BELL BOULEVARD                  ,,0,0,0,0,0,0,0,0,Unspecified,Unspecified,,,,3385337,PASSENGER VEHICLE,OTHER,,,
02/07/2016,17:15,,,,,,,,P/L 1571 FOREST AVENUE                  ,0,0,0,0,0,0,0,0,Driver Inattention/Distraction,Unspecified,,,,3385424,UNKNOWN,SPORT UTILITY / STATION WAGON,,,
02/07/2016,10:45,,,,,,,,,0,0,0,0,0,0,0,0,Unspecified,Unspecified,,,,3385178,PASSENGER VEHICLE,SPORT UTILITY / STATION WAGON,,,
02/07/2016,1:28,,,40.7254507,-73.8377671,"(40.7254507, -73.8377671)",,,,0,0,0,0,0,0,0,0,Unspecified,Unspecified,,,,3385353,PASSENGER VEHICLE,UNKNOWN,,,
02/07/2016,10:15,BROOKLYN,11219,40.6362834,-73.9836351,"(40.6362834, -73.9836351)",15 AVENUE                       ,42 STREET                       ,,0,0,0,0,0,0,0,0,Physical Disability,Unspecified,,,,3385113,PASSENGER VEHICLE,TAXI,,,
02/07/2016,14:15,STATEN ISLAND,10310,40.6289412,-74.1161879,"(40.6289412, -74.1161879)",FOREST AVENUE                   ,BROADWAY                        ,,0,0,0,0,0,0,0,0,Unspecified,,,,,3385978,SPORT UTILITY / STATION WAGON,,,,
02/07/2016,9:15,,,,,,QUEENS PLAZA NORTH              ,CRESCENT STREET                 ,,0,0,0,0,0,0,0,0,Fatigued/Drowsy,Unspecified,,,,3385897,PASSENGER VEHICLE,PASSENGER VEHICLE,,,
02/07/2016,1:50,BROOKLYN,11208,40.6816856,-73.8715626,"(40.6816856, -73.8715626)",ATLANTIC AVENUE                 ,CRESCENT STREET                 ,,1,0,0,0,0,0,1,0,Failure to Yield Right-of-Way,Unspecified,,,,3385171,SPORT UTILITY / STATION WAGON,PASSENGER VEHICLE,,,
02/07/2016,14:30,,,,,,109 AVENUE                      ,130 STREET                      ,,1,0,0,0,0,0,1,0,Unspecified,Unspecified,,,,3385277,PASSENGER VEHICLE,PASSENGER VEHICLE,,,
02/07/2016,14:55,QUEENS,11428,40.7245985,-73.7391352,"(40.7245985, -73.7391352)",SPRINGFIELD BOULEVARD           ,92 AVENUE                       ,,0,0,0,0,0,0,0,0,Driver Inattention/Distraction,Fatigued/Drowsy,,,,3387520,PASSENGER VEHICLE,PASSENGER VEHICLE,,,
02/07/2016,14:30,QUEENS,11372,40.7491578,-73.8694258,"(40.7491578, -73.8694258)",JUNCTION BOULEVARD              ,ROOSEVELT AVENUE                ,,0,0,0,0,0,0,0,0,Unspecified,Unspecified,,,,3385413,SPORT UTILITY / STATION WAGON,PASSENGER VEHICLE,,,
02/07/2016,12:00,STATEN ISLAND,10305,40.5890362,-74.0898783,"(40.5890362, -74.0898783)",HYLAN BOULEVARD                 ,DELAWARE AVENUE                 ,,0,0,0,0,0,0,0,0,Illness,Unspecified,,,,3385438,SPORT UTILITY / STATION WAGON,SPORT UTILITY / STATION WAGON,,,
02/07/2016,16:21,QUEENS,11422,40.6597054,-73.7435412,"(40.6597054, -73.7435412)",BROOKVILLE BOULEVARD            ,NEWHALL AVENUE                  ,,0,0,0,0,0,0,0,0,Unspecified,Unspecified,,,,3385848,SPORT UTILITY / STATION WAGON,SPORT UTILITY / STATION WAGON,,,
02/07/2016,5:25,,,,,,SANDS STREET                    ,JAY STREET                      ,,0,0,0,0,0,0,0,0,Alcohol Involvement,,,,,3385207,SPORT UTILITY / STATION WAGON,,,,
02/07/2016,23:29,BROOKLYN,11204,40.6083924,-73.9768459,"(40.6083924, -73.9768459)",WEST 3 STREET                   ,AVENUE P                        ,,1,0,0,0,0,0,1,0,Physical Disability,Unspecified,Unspecified,,,3386218,PASSENGER VEHICLE,PASSENGER VEHICLE,SPORT UTILITY / STATION WAGON,,
02/07/2016,22:11,QUEENS,11104,40.7474318,-73.9254665,"(40.7474318, -73.9254665)",39 STREET                       ,SKILLMAN AVENUE                 ,,2,0,0,0,0,0,2,0,Unspecified,,,,,3385898,PASSENGER VEHICLE,,,,
02/07/2016,17:30,BROOKLYN,11207,40.6718921,-73.8958679,"(40.6718921, -73.8958679)",PENNSYLVANIA AVENUE             ,PITKIN AVENUE                   ,,0,0,0,0,0,0,0,0,Unspecified,Unspecified,,,,3385740,SPORT UTILITY / STATION WAGON,UNKNOWN,,,
02/07/2016,23:30,MANHATTAN,10022,40.7589756,-73.9645027,"(40.7589756, -73.9645027)",EAST 57 STREET                  ,QUEENSBORO BRIDGE APPROACH      ,,0,0,0,0,0,0,0,0,Other Vehicular,Physical Disability,,,,3385486,PASSENGER VEHICLE,LARGE COM VEH(6 OR MORE TIRES),,,
02/07/2016,4:45,QUEENS,11421,40.6876631,-73.8505618,"(40.6876631, -73.8505618)",ATLANTIC AVENUE                 ,92 STREET                       ,,0,0,0,0,0,0,0,0,Other Vehicular,Other Vehicular,,,,3385819,SPORT UTILITY / STATION WAGON,PASSENGER VEHICLE,,,
02/07/2016,16:00,BROOKLYN,11234,40.6286428,-73.9201845,"(40.6286428, -73.9201845)",AVENUE J                        ,EAST 58 STREET                  ,,0,0,0,0,0,0,0,0,Unspecified,Unspecified,,,,3385674,PASSENGER VEHICLE,PASSENGER VEHICLE,,,
02/07/2016,11:05,QUEENS,11422,40.6716042,-73.7280627,"(40.6716042, -73.7280627)",134 AVENUE                      ,HOOK CREEK BOULEVARD            ,,0,0,0,0,0,0,0,0,Unspecified,Unspecified,,,,3385255,UNKNOWN,UNKNOWN,,,
02/07/2016,13:00,BROOKLYN,11223,40.6060307,-73.9870242,"(40.6060307, -73.9870242)",STILLWELL AVENUE                ,KINGS HIGHWAY                   ,,0,0,0,0,0,0,0,0,Driver Inattention/Distraction,Driver Inattention/Distraction,,,,3385668,PASSENGER VEHICLE,PASSENGER VEHICLE,,,
02/07/2016,9:55,QUEENS,11418,40.6924414,-73.8440746,"(40.6924414, -73.8440746)",90 AVENUE                       ,102 STREET                      ,,0,0,0,0,0,0,0,0,Driver Inexperience,Unspecified,,,,3385821,PASSENGER VEHICLE,UNKNOWN,,,
02/07/2016,17:20,,,,,,PLATINUM AVENUE                 ,FOREST HILL ROAD                ,,1,0,0,0,0,0,1,0,Driver Inattention/Distraction,Unspecified,,,,3385425,SPORT UTILITY / STATION WAGON,PASSENGER VEHICLE,,,
02/07/2016,19:00,QUEENS,11417,40.6747722,-73.8602956,"(40.6747722, -73.8602956)",NORTH CONDUIT AVENUE            ,76 STREET                       ,,0,0,0,0,0,0,0,0,Unspecified,Unspecified,,,,3385879,SPORT UTILITY / STATION WAGON,PASSENGER VEHICLE,,,
02/07/2016,0:41,MANHATTAN,10019,40.7622359,-73.9898636,"(40.7622359, -73.9898636)",WEST 48 STREET                  ,9 AVENUE                        ,,1,0,1,0,0,0,0,0,Passenger Distraction,,,,,3384985,SPORT UTILITY / STATION WAGON,,,,
02/07/2016,13:25,BROOKLYN,11207,40.6773595,-73.8868607,"(40.6773595, -73.8868607)",ATLANTIC AVENUE                 ,WARWICK STREET                  ,,1,0,0,0,0,0,1,0,Unspecified,Unspecified,Unspecified,,,3385172,PASSENGER VEHICLE,PICK-UP TRUCK,PASSENGER VEHICLE,,
02/07/2016,10:35,QUEENS,11378,40.7292091,-73.8936929,"(40.7292091, -73.8936929)",54 AVENUE                       ,70 STREET                       ,,0,0,0,0,0,0,0,0,Unspecified,Unspecified,,,,3385243,PASSENGER VEHICLE,SPORT UTILITY / STATION WAGON,,,
02/07/2016,10:20,MANHATTAN,10038,40.7095234,-74.0016664,"(40.7095234, -74.0016664)",DOVER STREET                    ,PEARL STREET                    ,,0,0,0,0,0,0,0,0,Failure to Yield Right-of-Way,Other Vehicular,,,,3384933,TAXI,PASSENGER VEHICLE,,,
02/07/2016,0:30,MANHATTAN,10001,40.7570213,-74.004927,"(40.7570213, -74.004927)",JOE DIMAGGIO HIGHWAY            ,WEST 34 STREET                  ,,0,0,0,0,0,0,0,0,Fatigued/Drowsy,Unspecified,,,,3384961,PASSENGER VEHICLE,UNKNOWN,,,
02/07/2016,15:30,BROOKLYN,11216,40.6821158,-73.9536623,"(40.6821158, -73.9536623)",HANCOCK STREET                  ,BEDFORD AVENUE                  ,,0,0,0,0,0,0,0,0,Unspecified,Unspecified,,,,3385768,PASSENGER VEHICLE,UNKNOWN,,,
02/07/2016,0:04,BROOKLYN,11218,40.6434562,-73.9727187,"(40.6434562, -73.9727187)",BEVERLY ROAD                    ,EAST 7 STREET                   ,,0,0,0,0,0,0,0,0,Physical Disability,Physical Disability,,,,3385109,PASSENGER VEHICLE,SPORT UTILITY / STATION WAGON,,,
02/07/2016,19:55,,,,,,101 AVENUE                      ,130 STREET                      ,,1,0,0,0,0,0,1,0,Physical Disability,Physical Disability,,,,3385827,PASSENGER VEHICLE,SPORT UTILITY / STATION WAGON,,,
02/07/2016,18:31,,,,,,ASTORIA BOULEVARD               ,29 STREET                       ,,0,0,0,0,0,0,0,0,Other Vehicular,Other Vehicular,,,,3385969,PASSENGER VEHICLE,PASSENGER VEHICLE,,,
02/07/2016,14:46,QUEENS,11355,40.7542113,-73.8104745,"(40.7542113, -73.8104745)",156 STREET                      ,46 AVENUE                       ,,0,0,0,0,0,0,0,0,Failure to Yield Right-of-Way,Unspecified,,,,3385317,PASSENGER VEHICLE,PASSENGER VEHICLE,,,
02/07/2016,14:21,QUEENS,11377,40.7532838,-73.906908,"(40.7532838, -73.906908)",BROADWAY                        ,NORTHERN BOULEVARD              ,,1,0,0,0,0,0,1,0,Fatigued/Drowsy,Unspecified,,,,3385896,PASSENGER VEHICLE,PASSENGER VEHICLE,,,
02/07/2016,16:05,BRONX,10469,40.8764513,-73.8481667,"(40.8764513, -73.8481667)",BOSTON ROAD                     ,FENTON AVENUE                   ,,0,0,0,0,0,0,0,0,Unspecified,Unspecified,,,,3385065,PASSENGER VEHICLE,PASSENGER VEHICLE,,,
02/07/2016,2:20,,,40.740019,-73.8456399,"(40.740019, -73.8456399)",,,,0,0,0,0,0,0,0,0,Driver Inattention/Distraction,Unspecified,,,,3387034,PASSENGER VEHICLE,PASSENGER VEHICLE,,,
02/07/2016,9:40,QUEENS,11105,40.7710846,-73.9082189,"(40.7710846, -73.9082189)",STEINWAY STREET                 ,23 AVENUE                       ,,0,0,0,0,0,0,0,0,Physical Disability,Unspecified,Unspecified,,,3385958,SPORT UTILITY / STATION WAGON,VAN,SPORT UTILITY / STATION WAGON,,
02/07/2016,4:55,,,,,,EAST 96 STREET                  ,FDR DRIVE                       ,,0,0,0,0,0,0,0,0,Unspecified,Unspecified,,,,3385528,PASSENGER VEHICLE,UNKNOWN,,,
02/07/2016,18:22,BROOKLYN,11206,40.7019114,-73.936979,"(40.7019114, -73.936979)",BUSHWICK AVENUE                 ,FLUSHING AVENUE                 ,,0,0,0,0,0,0,0,0,Unspecified,Unspecified,,,,3385782,SPORT UTILITY / STATION WAGON,PASSENGER VEHICLE,,,
02/07/2016,12:12,BRONX,10458,40.8587638,-73.8973575,"(40.8587638, -73.8973575)",EAST 184 STREET                 ,VALENTINE AVENUE                ,,0,0,0,0,0,0,0,0,Unspecified,Unspecified,,,,3385054,PASSENGER VEHICLE,UNKNOWN,,,
02/07/2016,18:00,,,40.6788841,-73.7915588,"(40.6788841, -73.7915588)",,,(LOT) OF  119-14 SUTPHIN BLVD           ,0,0,0,0,0,0,0,0,Unspecified,Unspecified,,,,3385947,PASSENGER VEHICLE,PASSENGER VEHICLE,,,
02/07/2016,12:20,BROOKLYN,11214,40.6100771,-74.0073112,"(40.6100771, -74.0073112)",86 STREET                       ,16 AVENUE                       ,,0,0,0,0,0,0,0,0,Unspecified,Unspecified,,,,3385663,PASSENGER VEHICLE,PASSENGER VEHICLE,,,
02/07/2016,12:50,MANHATTAN,10013,40.7168135,-73.9977634,"(40.7168135, -73.9977634)",CANAL STREET                    ,MOTT STREET                     ,,0,0,0,0,0,0,0,0,Driver Inexperience,Traffic Control Disregarded,,,,3385466,SPORT UTILITY / STATION WAGON,TAXI,,,
02/07/2016,11:20,BROOKLYN,11229,40.5986294,-73.9582575,"(40.5986294, -73.9582575)",EAST 13 STREET                  ,AVENUE U                        ,,0,0,0,0,0,0,0,0,Unspecified,Unspecified,,,,3386770,PASSENGER VEHICLE,SPORT UTILITY / STATION WAGON,,,
02/07/2016,1:14,QUEENS,11435,40.7018824,-73.8055164,"(40.7018824, -73.8055164)",JAMAICA AVENUE                  ,149 STREET                      ,,1,0,1,0,0,0,0,0,Unspecified,,,,,3385222,SPORT UTILITY / STATION WAGON,,,,
02/07/2016,17:00,BRONX,10466,40.895718,-73.8495153,"(40.895718, -73.8495153)",PITMAN AVENUE                   ,WICKHAM AVENUE                  ,,0,0,0,0,0,0,0,0,Unspecified,Unspecified,,,,3385063,PASSENGER VEHICLE,PASSENGER VEHICLE,,,
02/07/2016,10:00,,,,,,FOOTHILL AVENUE                 ,FRANCIS LEWIS BOULEVARD         ,,2,0,0,0,0,0,2,0,Unsafe Lane Changing,Unsafe Lane Changing,,,,3385292,PASSENGER VEHICLE,PASSENGER VEHICLE,,,
02/07/2016,13:09,BROOKLYN,11239,40.6528929,-73.8667311,"(40.6528929, -73.8667311)",GATEWAY DRIVE                   ,ERSKINE STREET                  ,,0,0,0,0,0,0,0,0,Unspecified,Unspecified,,,,3385747,PASSENGER VEHICLE,SPORT UTILITY / STATION WAGON,,,
02/07/2016,13:43,QUEENS,11354,40.7661039,-73.8276895,"(40.7661039, -73.8276895)",34 ROAD                         ,UNION STREET                    ,,0,0,0,0,0,0,0,0,Unspecified,Unspecified,,,,3385320,PASSENGER VEHICLE,UNKNOWN,,,
02/07/2016,17:02,MANHATTAN,10024,40.7832418,-73.9745391,"(40.7832418, -73.9745391)",COLUMBUS AVENUE                 ,WEST 81 STREET                  ,,0,0,0,0,0,0,0,0,Lost Consciousness,Lost Consciousness,,,,3385524,PASSENGER VEHICLE,PASSENGER VEHICLE,,,
02/07/2016,15:15,,,,,,MARKWOOD ROAD                   ,JACKIE ROBINSON PARKWAY         ,,0,0,0,0,0,0,0,0,Physical Disability,,,,,3385944,LARGE COM VEH(6 OR MORE TIRES),,,,
02/07/2016,6:18,BROOKLYN,11220,40.6337066,-74.0114067,"(40.6337066, -74.0114067)",8 AVENUE                        ,63 STREET                       ,,0,0,0,0,0,0,0,0,Unspecified,,,,,3385144,PASSENGER VEHICLE,,,,
02/07/2016,3:00,,,,,,,,,1,0,0,0,0,0,1,0,Outside Car Distraction,Fatigued/Drowsy,Outside Car Distraction,,,3385640,SPORT UTILITY / STATION WAGON,PASSENGER VEHICLE,PASSENGER VEHICLE,,
02/07/2016,10:35,MANHATTAN,10034,40.8644625,-73.9189434,"(40.8644625, -73.9189434)",WEST 207 STREET                 ,10 AVENUE                       ,,0,0,0,0,0,0,0,0,Driver Inattention/Distraction,Driver Inattention/Distraction,,,,3385564,SPORT UTILITY / STATION WAGON,PASSENGER VEHICLE,,,
02/07/2016,15:10,BRONX,10472,40.8286604,-73.8782347,"(40.8286604, -73.8782347)",WESTCHESTER AVENUE              ,BOYNTON AVENUE                  ,,0,0,0,0,0,0,0,0,Unspecified,Unspecified,,,,3385600,SPORT UTILITY / STATION WAGON,SPORT UTILITY / STATION WAGON,,,
02/07/2016,8:20,,,,,,PELHAM PARKWAY NORTH            ,SEMINOLE STREET                 ,,0,0,0,0,0,0,0,0,Unspecified,Unspecified,Unspecified,,,3385069,PASSENGER VEHICLE,PASSENGER VEHICLE,SPORT UTILITY / STATION WAGON,,
02/07/2016,15:30,,,,,,,,,0,0,0,0,0,0,0,0,Unspecified,Unspecified,,,,3385877,PASSENGER VEHICLE,PASSENGER VEHICLE,,,
02/07/2016,19:31,BRONX,10461,40.8522628,-73.8528958,"(40.8522628, -73.8528958)",WILLIAMSBRIDGE ROAD             ,RHINELANDER AVENUE              ,,1,0,1,0,0,0,0,0,Unspecified,,,,,3385071,PASSENGER VEHICLE,,,,
02/07/2016,22:30,BRONX,10469,40.8732771,-73.8535761,"(40.8732771, -73.8535761)",EAST GUN HILL ROAD              ,HERING AVENUE                   ,,1,0,1,0,0,0,0,0,Unspecified,,,,,3385072,TAXI,,,,
02/07/2016,19:30,QUEENS,11357,40.7812915,-73.8141997,"(40.7812915, -73.8141997)",150 STREET                      ,20 AVENUE                       ,,0,0,0,0,0,0,0,0,Unspecified,Unspecified,,,,3385913,PASSENGER VEHICLE,PASSENGER VEHICLE,,,
02/07/2016,14:45,,,40.5850113,-73.9545646,"(40.5850113, -73.9545646)",,,,0,0,0,0,0,0,0,0,Aggressive Driving/Road Rage,Drugs (Illegal),,,,3385656,UNKNOWN,SPORT UTILITY / STATION WAGON,,,
02/07/2016,14:05,QUEENS,11374,40.7301174,-73.8623119,"(40.7301174, -73.8623119)",QUEENS BOULEVARD                ,63 ROAD                         ,,0,0,0,0,0,0,0,0,Unspecified,Unspecified,,,,3385360,SPORT UTILITY / STATION WAGON,PASSENGER VEHICLE,,,
02/07/2016,17:50,QUEENS,11413,40.666396,-73.7517593,"(40.666396, -73.7517593)",NORTH CONDUIT AVENUE            ,225 STREET                      ,,0,0,0,0,0,0,0,0,Driver Inattention/Distraction,Unspecified,,,,3385847,PASSENGER VEHICLE,PASSENGER VEHICLE,,,
02/07/2016,20:38,,,40.6977665,-73.8526272,"(40.6977665, -73.8526272)",,,83-98 WOODHAVEN BLVD PARKING LOT        ,0,0,0,0,0,0,0,0,Unspecified,Unspecified,,,,3385824,SPORT UTILITY / STATION WAGON,UNKNOWN,,,
02/07/2016,8:21,MANHATTAN,10035,40.7986267,-73.9395205,"(40.7986267, -73.9395205)",EAST 117 STREET                 ,3 AVENUE                        ,,0,0,0,0,0,0,0,0,Unspecified,Unspecified,Unspecified,,,3385009,PASSENGER VEHICLE,PASSENGER VEHICLE,SPORT UTILITY / STATION WAGON,,
02/07/2016,16:34,,,40.78896,-73.8235426,"(40.78896, -73.8235426)",,,,0,0,0,0,0,0,0,0,Fatigued/Drowsy,Unspecified,,,,3385906,PASSENGER VEHICLE,PASSENGER VEHICLE,,,
02/07/2016,19:15,BRONX,10473,40.8210507,-73.8822663,"(40.8210507, -73.8822663)",BRONX RIVER AVENUE              ,STORY AVENUE                    ,,3,0,0,0,0,0,3,0,Unspecified,Unspecified,Unspecified,,,3385592,PASSENGER VEHICLE,PASSENGER VEHICLE,PASSENGER VEHICLE,,
02/07/2016,22:45,BRONX,10453,40.8486082,-73.9139674,"(40.8486082, -73.9139674)",GRAND AVENUE                    ,WEST 176 STREET                 ,,0,0,0,0,0,0,0,0,Unspecified,Unspecified,,,,3385611,PASSENGER VEHICLE,PASSENGER VEHICLE,,,
02/07/2016,13:06,BROOKLYN,11212,40.6607702,-73.9197423,"(40.6607702, -73.9197423)",ROCKAWAY PARKWAY                ,KINGS HIGHWAY                   ,,0,0,0,0,0,0,0,0,Driver Inattention/Distraction,Driver Inattention/Distraction,,,,3385136,PASSENGER VEHICLE,PASSENGER VEHICLE,,,
02/07/2016,23:50,MANHATTAN,10038,40.7082277,-74.0065321,"(40.7082277, -74.0065321)",GOLD STREET                     ,JOHN STREET                     ,,1,0,0,0,0,0,1,0,Lost Consciousness,Unspecified,,,,3385450,PASSENGER VEHICLE,PASSENGER VEHICLE,,,
02/07/2016,13:50,MANHATTAN,10016,40.7465356,-73.9859503,"(40.7465356, -73.9859503)",WEST 31 STREET                  ,5 AVENUE                        ,,1,0,0,0,1,0,0,0,Turning Improperly,Unspecified,,,,3384973,LIVERY VEHICLE,BICYCLE,,,
02/07/2016,4:05,QUEENS,11105,40.7753155,-73.9030536,"(40.7753155, -73.9030536)",STEINWAY STREET                 ,20 ROAD                         ,,0,0,0,0,0,0,0,0,Lost Consciousness,Unspecified,,,,3388183,SPORT UTILITY / STATION WAGON,PASSENGER VEHICLE,,,
02/07/2016,14:30,,,,,,CLINTON AVENUE                  ,PARK AVENUE                     ,,0,0,0,0,0,0,0,0,Lost Consciousness,Unspecified,,,,3385211,PASSENGER VEHICLE,PASSENGER VEHICLE,,,
02/07/2016,11:59,BROOKLYN,11215,40.6734869,-73.9729552,"(40.6734869, -73.9729552)",8 AVENUE                        ,UNION STREET                    ,,2,0,1,0,0,0,1,0,Unspecified,,,,,3385767,MOTORCYCLE,,,,
02/07/2016,2:00,,,,,,EAST GUN HILL ROAD              ,HOLLAND AVENUE                  ,,0,0,0,0,0,0,0,0,Unspecified,Unspecified,Unspecified,,,3385061,SPORT UTILITY / STATION WAGON,OTHER,PASSENGER VEHICLE,,
02/07/2016,17:15,,,,,,,,,0,0,0,0,0,0,0,0,Turning Improperly,Unspecified,,,,3385700,SPORT UTILITY / STATION WAGON,SPORT UTILITY / STATION WAGON,,,
02/07/2016,17:38,MANHATTAN,10025,40.7923625,-73.9641744,"(40.7923625, -73.9641744)",CENTRAL PARK WEST               ,WEST 97 STREET                  ,,1,0,0,0,0,0,1,0,Driver Inattention/Distraction,Driver Inattention/Distraction,,,,3385006,TAXI,SPORT UTILITY / STATION WAGON,,,
02/07/2016,1:50,BROOKLYN,11237,40.7032389,-73.9261399,"(40.7032389, -73.9261399)",KNICKERBOCKER AVENUE            ,TROUTMAN STREET                 ,,0,0,0,0,0,0,0,0,Traffic Control Disregarded,Unspecified,,,,3385204,OTHER,UNKNOWN,,,
02/07/2016,12:33,QUEENS,11358,40.7505071,-73.8030068,"(40.7505071, -73.8030068)",PIDGEON MEADOW ROAD             ,164 STREET                      ,,0,0,0,0,0,0,0,0,Fatigued/Drowsy,Unspecified,,,,3385318,PASSENGER VEHICLE,PASSENGER VEHICLE,,,
02/07/2016,12:30,QUEENS,11434,40.6561603,-73.7673526,"(40.6561603, -73.7673526)",ROCKAWAY BOULEVARD              ,BREWER BOULEVARD                ,,0,0,0,0,0,0,0,0,Unspecified,Unspecified,,,,3385253,SPORT UTILITY / STATION WAGON,SPORT UTILITY / STATION WAGON,,,
02/07/2016,14:45,,,,,,FOX STREET                      ,INTERVALE AVENUE                ,,0,0,0,0,0,0,0,0,Unspecified,Unspecified,,,,3385585,PASSENGER VEHICLE,PASSENGER VEHICLE,,,
02/07/2016,18:14,MANHATTAN,10038,40.7088454,-74.0025032,"(40.7088454, -74.0025032)",PEARL STREET                    ,PECK SLIP                       ,,1,0,1,0,0,0,0,0,Other Vehicular,,,,,3385458,UNKNOWN,,,,
02/07/2016,18:20,,,,,,3 AVENUE                        ,EAST 138 STREET                 ,,0,0,0,0,0,0,0,0,Failure to Yield Right-of-Way,Unspecified,,,,3385035,SPORT UTILITY / STATION WAGON,PASSENGER VEHICLE,,,
02/07/2016,16:44,,,,,,CHURCH AVENUE                   ,EAST 8 STREET                   ,,0,0,0,0,0,0,0,0,Unspecified,Unspecified,,,,3385682,PASSENGER VEHICLE,LARGE COM VEH(6 OR MORE TIRES),,,
02/07/2016,20:17,MANHATTAN,10033,40.8454401,-73.9386792,"(40.8454401, -73.9386792)",WEST 174 STREET                 ,BROADWAY                        ,,0,0,0,0,0,0,0,0,Unspecified,Unspecified,,,,3385021,UNKNOWN,UNKNOWN,,,
02/07/2016,5:55,MANHATTAN,10001,40.7482897,-73.9881767,"(40.7482897, -73.9881767)",WEST 32 STREET                  ,BROADWAY                        ,,0,0,0,0,0,0,0,0,Driver Inattention/Distraction,Unspecified,,,,3384971,TAXI,PASSENGER VEHICLE,,,
02/07/2016,16:19,,,,,,159 STREET                      ,GRAND CENTRAL PARKWAY           ,,0,0,0,0,0,0,0,0,Turning Improperly,Unspecified,,,,3385883,PASSENGER VEHICLE,PASSENGER VEHICLE,,,
02/07/2016,10:50,MANHATTAN,10030,40.8228364,-73.9419157,"(40.8228364, -73.9419157)",WEST 145 STREET                 ,8 AVENUE                        ,,0,0,0,0,0,0,0,0,Fatigued/Drowsy,Unspecified,,,,3385014,OTHER,PASSENGER VEHICLE,,,
02/07/2016,7:56,,,,,,JAMAICA AVENUE                  ,109 STREET                      ,,0,0,0,0,0,0,0,0,Driver Inattention/Distraction,Unspecified,,,,3385822,PASSENGER VEHICLE,PASSENGER VEHICLE,,,
02/07/2016,14:55,BRONX,10472,40.8344254,-73.8792541,"(40.8344254, -73.8792541)",EAST 174 STREET                 ,BRONX RIVER AVENUE              ,,1,0,0,0,0,0,1,0,Unspecified,Unspecified,,,,3385041,LIVERY VEHICLE,SPORT UTILITY / STATION WAGON,,,
02/07/2016,20:55,QUEENS,11364,40.731779,-73.7701087,"(40.731779, -73.7701087)",UNION TURNPIKE                  ,FRANCIS LEWIS BOULEVARD         ,,0,0,0,0,0,0,0,0,Unspecified,Unspecified,,,,3385882,SPORT UTILITY / STATION WAGON,PASSENGER VEHICLE,,,
02/07/2016,18:30,,,40.7549013,-73.7454772,"(40.7549013, -73.7454772)",,,,0,0,0,0,0,0,0,0,Unspecified,Unspecified,,,,3385349,PASSENGER VEHICLE,UNKNOWN,,,
02/07/2016,2:10,QUEENS,11365,40.7379624,-73.7929978,"(40.7379624, -73.7929978)",UTOPIA PARKWAY                  ,64 AVENUE                       ,,1,0,0,0,0,0,1,0,Unspecified,Unspecified,,,,3385285,PASSENGER VEHICLE,PASSENGER VEHICLE,,,
02/07/2016,15:00,BROOKLYN,11223,40.5918373,-73.9714184,"(40.5918373, -73.9714184)",STRYKER COURT                   ,WEST 1 STREET                   ,,0,0,0,0,0,0,0,0,Unspecified,Unspecified,,,,3386204,PASSENGER VEHICLE,UNKNOWN,,,
02/07/2016,17:20,QUEENS,11001,40.7272282,-73.7104995,"(40.7272282, -73.7104995)",LITTLE NECK PARKWAY             ,JERICHO TURNPIKE                ,,0,0,0,0,0,0,0,0,Unspecified,Unspecified,,,,3385258,PASSENGER VEHICLE,UNKNOWN,,,
02/07/2016,4:20,BROOKLYN,11203,40.6440753,-73.9353833,"(40.6440753, -73.9353833)",CLARENDON ROAD                  ,TROY AVENUE                     ,,1,0,0,0,0,0,1,0,Unspecified,Unspecified,,,,3385129,PASSENGER VEHICLE,UNKNOWN,,,
02/07/2016,0:20,MANHATTAN,10026,40.8063358,-73.9558696,"(40.8063358, -73.9558696)",WEST 118 STREET                 ,MANHATTAN AVENUE                ,,0,0,0,0,0,0,0,0,Other Electronic Device,Unspecified,,,,3385545,TAXI,SPORT UTILITY / STATION WAGON,,,
02/07/2016,17:40,BROOKLYN,11235,40.583106,-73.9541414,"(40.583106, -73.9541414)",SHORE BOULEVARD                 ,EMMONS AVENUE                   ,,0,0,0,0,0,0,0,0,Lost Consciousness,Unspecified,,,,3385653,TAXI,SPORT UTILITY / STATION WAGON,,,
02/07/2016,13:35,BROOKLYN,11213,40.6687978,-73.9311201,"(40.6687978, -73.9311201)",UTICA AVENUE                    ,EASTERN PARKWAY                 ,,1,0,1,0,0,0,0,0,Failure to Yield Right-of-Way,,,,,3385722,SPORT UTILITY / STATION WAGON,,,,
02/07/2016,10:20,MANHATTAN,10036,40.760927,-73.9945276,"(40.760927, -73.9945276)",WEST 44 STREET                  ,10 AVENUE                       ,,0,0,0,0,0,0,0,0,Unspecified,Unspecified,,,,3384986,PASSENGER VEHICLE,UNKNOWN,,,
02/07/2016,19:55,,,,,,LINDEN BOULEVARD                ,VAN SINDEREN AVENUE             ,,0,0,0,0,0,0,0,0,Unspecified,Unspecified,,,,3385738,PASSENGER VEHICLE,PASSENGER VEHICLE,,,
02/07/2016,19:52,MANHATTAN,10009,40.7284471,-73.9817905,"(40.7284471, -73.9817905)",EAST 11 STREET                  ,AVENUE A                        ,,0,0,0,0,0,0,0,0,Unspecified,,,,,3385473,PASSENGER VEHICLE,,,,
02/07/2016,13:25,,,40.5701161,-74.1091242,"(40.5701161, -74.1091242)",,,P/L OF 430 NEW DORP LANE                ,0,0,0,0,0,0,0,0,Other Vehicular,Other Vehicular,,,,3385437,SPORT UTILITY / STATION WAGON,PASSENGER VEHICLE,,,
02/07/2016,17:58,MANHATTAN,10011,40.7347834,-73.9987154,"(40.7347834, -73.9987154)",AVENUE OF THE AMERICAS          ,WEST 10 STREET                  ,,1,0,1,0,0,0,0,0,Failure to Yield Right-of-Way,,,,,3385469,LIVERY VEHICLE,,,,
02/07/2016,15:54,MANHATTAN,10002,40.7137622,-73.9792911,"(40.7137622, -73.9792911)",GRAND STREET                    ,MADISON STREET                  ,,0,0,0,0,0,0,0,0,Unspecified,Unspecified,,,,3385471,TAXI,PASSENGER VEHICLE,,,
02/07/2016,15:25,,,,,,MERRYMOUNT STREET               ,KLONDIKE AVENUE                 ,,0,0,0,0,0,0,0,0,Unspecified,Unspecified,,,,3385423,SPORT UTILITY / STATION WAGON,SPORT UTILITY / STATION WAGON,,,
02/07/2016,16:49,,,,,,VERNON BOULEVARD                ,BROADWAY                        ,,0,0,0,0,0,0,0,0,Backing Unsafely,Unspecified,,,,3385962,SPORT UTILITY / STATION WAGON,SPORT UTILITY / STATION WAGON,,,
02/07/2016,19:07,MANHATTAN,10039,40.8258982,-73.9393512,"(40.8258982, -73.9393512)",WEST 150 STREET                 ,MACOMBS PLACE                   ,,0,0,0,0,0,0,0,0,Unspecified,Unspecified,,,,3385016,PASSENGER VEHICLE,PASSENGER VEHICLE,,,
02/07/2016,18:15,QUEENS,11434,40.6730095,-73.7880875,"(40.6730095, -73.7880875)",ROCKAWAY BOULEVARD              ,150 STREET                      ,,0,0,0,0,0,0,0,0,Unspecified,Unspecified,,,,3385949,SPORT UTILITY / STATION WAGON,TAXI,,,
02/07/2016,23:00,,,,,,130 STREET                      ,JAMAICA AVENUE                  ,,0,0,0,0,0,0,0,0,Lost Consciousness,Other Vehicular,,,,3385828,SPORT UTILITY / STATION WAGON,SPORT UTILITY / STATION WAGON,,,
02/07/2016,18:25,MANHATTAN,10033,40.8461403,-73.9342328,"(40.8461403, -73.9342328)",AUDUBON AVENUE                  ,WEST 177 STREET                 ,,0,0,0,0,0,0,0,0,Unspecified,Unspecified,,,,3385020,PASSENGER VEHICLE,PASSENGER VEHICLE,,,
02/07/2016,22:05,,,40.8241589,-73.8746094,"(40.8241589, -73.8746094)",,,,1,0,0,0,0,0,1,0,Unspecified,,,,,3385593,PASSENGER VEHICLE,,,,
02/07/2016,21:25,QUEENS,11375,40.7214535,-73.8439779,"(40.7214535, -73.8439779)",QUEENS BOULEVARD                ,71 AVENUE                       ,,0,0,0,0,0,0,0,0,Driver Inattention/Distraction,Driver Inattention/Distraction,,,,3385361,PASSENGER VEHICLE,SPORT UTILITY / STATION WAGON,,,
02/07/2016,11:30,,,,,,,,,0,0,0,0,0,0,0,0,Traffic Control Disregarded,Unspecified,Unspecified,,,3385603,PASSENGER VEHICLE,PASSENGER VEHICLE,PASSENGER VEHICLE,,
02/07/2016,9:17,BRONX,10458,40.8573725,-73.8860159,"(40.8573725, -73.8860159)",EAST 189 STREET                 ,ARTHUR AVENUE                   ,,0,0,0,0,0,0,0,0,Unspecified,Unspecified,,,,3385622,PASSENGER VEHICLE,UNKNOWN,,,
02/07/2016,20:45,,,,,,RICHMOND TERRACE                ,WRIGHT AVENUE                   ,,0,0,0,0,0,0,0,0,Unspecified,Unspecified,,,,3385980,UNKNOWN,PASSENGER VEHICLE,,,
02/07/2016,16:15,MANHATTAN,10017,40.750766,-73.9744433,"(40.750766, -73.9744433)",EAST 42 STREET                  ,3 AVENUE                        ,,0,0,0,0,0,0,0,0,Unspecified,Unspecified,,,,3384980,TAXI,TAXI,,,
02/07/2016,0:20,MANHATTAN,10002,40.7197501,-73.9921609,"(40.7197501, -73.9921609)",DELANCEY STREET                 ,FORSYTH STREET                  ,,0,0,0,0,0,0,0,0,Driver Inattention/Distraction,Unspecified,,,,3385460,PASSENGER VEHICLE,PICK-UP TRUCK,,,
02/07/2016,11:00,,,,,,,,,0,0,0,0,0,0,0,0,Unspecified,Unspecified,,,,3385043,SPORT UTILITY / STATION WAGON,UNKNOWN,,,
02/07/2016,15:00,BROOKLYN,11207,40.6585778,-73.8906229,"(40.6585778, -73.8906229)",PENNSYLVANIA AVENUE             ,LINDEN BOULEVARD                ,,0,0,0,0,0,0,0,0,Unspecified,Unspecified,,,,3385174,PASSENGER VEHICLE,PASSENGER VEHICLE,,,
02/07/2016,18:26,QUEENS,11101,40.7380221,-73.9382295,"(40.7380221, -73.9382295)",BORDEN AVENUE                   ,STAR AVENUE                     ,,0,0,0,0,0,0,0,0,Driver Inattention/Distraction,Driver Inattention/Distraction,,,,3385895,SPORT UTILITY / STATION WAGON,PASSENGER VEHICLE,,,
02/07/2016,14:48,BRONX,10466,40.8936679,-73.8606204,"(40.8936679, -73.8606204)",EAST 232 STREET                 ,CARPENTER AVENUE                ,,2,0,0,0,0,0,2,0,Unspecified,Unspecified,,,,3385064,PASSENGER VEHICLE,SPORT UTILITY / STATION WAGON,,,
02/07/2016,7:15,,,,,,MERRICK BOULEVARD               ,109 AVENUE                      ,,0,0,0,0,0,0,0,0,Lost Consciousness,Unspecified,,,,3385227,PASSENGER VEHICLE,SPORT UTILITY / STATION WAGON,,,
02/07/2016,2:45,BROOKLYN,11212,40.6589172,-73.9118982,"(40.6589172, -73.9118982)",AMBOY STREET                    ,NEWPORT STREET                  ,,0,0,0,0,0,0,0,0,Alcohol Involvement,Physical Disability,Unspecified,,,3387993,PASSENGER VEHICLE,SPORT UTILITY / STATION WAGON,PASSENGER VEHICLE,,
02/07/2016,17:00,STATEN ISLAND,10308,40.5593847,-74.1539234,"(40.5593847, -74.1539234)",GIFFORDS LANE                   ,BARLOW AVENUE                   ,,1,0,0,0,0,0,1,0,Other Vehicular,Other Vehicular,,,,3385439,PASSENGER VEHICLE,PASSENGER VEHICLE,,,
02/07/2016,0:28,BROOKLYN,11213,40.6636209,-73.9306857,"(40.6636209, -73.9306857)",EAST 91 STREET                  ,EAST NEW YORK AVENUE            ,,0,0,0,0,0,0,0,0,Unspecified,Unspecified,,,,3385134,PICK-UP TRUCK,UNKNOWN,,,
02/07/2016,15:05,QUEENS,11103,40.7679637,-73.9116817,"(40.7679637, -73.9116817)",STEINWAY STREET                 ,25 AVENUE                       ,,0,0,0,0,0,0,0,0,Backing Unsafely,Unspecified,,,,3386491,SPORT UTILITY / STATION WAGON,PASSENGER VEHICLE,,,
02/07/2016,4:40,,,,,,STEINWAY STREET                 ,ASTORIA BOULEVARD SOUTH         ,,1,0,0,0,0,0,1,0,Driver Inexperience,Unspecified,,,,3385961,TAXI,UNKNOWN,,,
02/07/2016,15:57,BROOKLYN,11226,40.6553404,-73.960698,"(40.6553404, -73.960698)",PARKSIDE AVENUE                 ,PARKSIDE COURT                  ,,0,0,0,0,0,0,0,0,Backing Unsafely,Unspecified,,,,3385724,PASSENGER VEHICLE,PASSENGER VEHICLE,,,
02/07/2016,9:55,BROOKLYN,11201,40.6936492,-73.9833217,"(40.6936492, -73.9833217)",FLATBUSH AVENUE EXTENSION       ,MYRTLE AVENUE                   ,,2,0,0,0,0,0,2,0,Fatigued/Drowsy,Unspecified,,,,3388038,BUS,SPORT UTILITY / STATION WAGON,,,
02/07/2016,19:45,,,,,,,,,2,0,0,0,0,0,2,0,Outside Car Distraction,,,,,3386469,PASSENGER VEHICLE,,,,
02/07/2016,17:30,BRONX,10453,40.8504784,-73.9154253,"(40.8504784, -73.9154253)",UNIVERSITY AVENUE               ,WEST TREMONT AVENUE             ,,0,0,0,0,0,0,0,0,Unspecified,Unspecified,,,,3385612,PASSENGER VEHICLE,PASSENGER VEHICLE,,,
02/07/2016,14:00,,,40.566994,-74.1132367,"(40.566994, -74.1132367)",,,P/L OF 2660 HYLAN BOULEVARD             ,0,0,0,0,0,0,0,0,Other Vehicular,Other Vehicular,,,,3385435,PASSENGER VEHICLE,PASSENGER VEHICLE,,,
02/07/2016,10:09,QUEENS,11357,40.7837225,-73.8086284,"(40.7837225, -73.8086284)",CLINTONVILLE STREET             ,17 AVENUE                       ,,1,0,1,0,0,0,0,0,Failure to Yield Right-of-Way,,,,,3385319,SPORT UTILITY / STATION WAGON,,,,
02/07/2016,9:30,BROOKLYN,11230,40.630592,-73.9755052,"(40.630592, -73.9755052)",WEBSTER AVENUE                  ,SETON PLACE                     ,,0,0,0,0,0,0,0,0,Unspecified,Unspecified,,,,3385716,PASSENGER VEHICLE,UNKNOWN,,,
02/07/2016,13:28,BROOKLYN,11207,40.6527684,-73.8862898,"(40.6527684, -73.8862898)",PENNSYLVANIA AVENUE             ,FLATLANDS AVENUE                ,,0,0,0,0,0,0,0,0,Driver Inattention/Distraction,Driver Inattention/Distraction,,,,3385173,SPORT UTILITY / STATION WAGON,SPORT UTILITY / STATION WAGON,,,
02/07/2016,17:50,BROOKLYN,11223,40.6003631,-73.9634563,"(40.6003631, -73.9634563)",EAST 8 STREET                   ,AVENUE T                        ,,0,0,0,0,0,0,0,0,Unspecified,Unspecified,,,,3385655,PASSENGER VEHICLE,UNKNOWN,,,
02/07/2016,15:15,,,40.7113851,-73.8365916,"(40.7113851, -73.8365916)",,,,0,0,0,0,0,0,0,0,Physical Disability,,,,,3386368,LARGE COM VEH(6 OR MORE TIRES),,,,
02/07/2016,4:57,MANHATTAN,10036,40.7608228,-73.9983142,"(40.7608228, -73.9983142)",11 AVENUE                       ,WEST 42 STREET                  ,,0,0,0,0,0,0,0,0,Turning Improperly,Unspecified,,,,3384962,PASSENGER VEHICLE,UNKNOWN,,,
02/07/2016,15:45,QUEENS,11377,40.7461074,-73.8984586,"(40.7461074, -73.8984586)",ROOSEVELT AVENUE                ,39 AVENUE                       ,,0,0,0,0,0,0,0,0,Backing Unsafely,Unspecified,,,,3385892,PASSENGER VEHICLE,PASSENGER VEHICLE,,,
02/07/2016,23:10,BROOKLYN,11225,40.6615699,-73.9507246,"(40.6615699, -73.9507246)",NOSTRAND AVENUE                 ,LINCOLN ROAD                    ,,2,0,2,0,0,0,0,0,Failure to Yield Right-of-Way,,,,,3385726,SPORT UTILITY / STATION WAGON,,,,
02/07/2016,10:45,BROOKLYN,11211,40.7123781,-73.9440319,"(40.7123781, -73.9440319)",GRAHAM AVENUE                   ,POWERS STREET                   ,,1,0,0,0,1,0,0,0,Outside Car Distraction,Unspecified,,,,3385214,PASSENGER VEHICLE,BICYCLE,,,
02/07/2016,1:31,QUEENS,11372,40.7563391,-73.8779302,"(40.7563391, -73.8779302)",90 STREET                       ,NORTHERN BOULEVARD              ,,0,0,0,0,0,0,0,0,Driver Inexperience,Unspecified,,,,3385409,SPORT UTILITY / STATION WAGON,SPORT UTILITY / STATION WAGON,,,
02/07/2016,22:30,BROOKLYN,11230,40.620949,-73.9554915,"(40.620949, -73.9554915)",OCEAN AVENUE                    ,AVENUE L                        ,,0,0,0,0,0,0,0,0,Prescription Medication,Unspecified,,,,3385717,PASSENGER VEHICLE,PASSENGER VEHICLE,,,
02/07/2016,8:50,QUEENS,11412,40.7031415,-73.7600656,"(40.7031415, -73.7600656)",111 AVENUE                      ,196 STREET                      ,,0,0,0,0,0,0,0,0,Unspecified,Unspecified,,,,3385366,PASSENGER VEHICLE,PASSENGER VEHICLE,,,
02/07/2016,18:00,QUEENS,11412,40.6931713,-73.7568704,"(40.6931713, -73.7568704)",195 STREET                      ,LINDEN BOULEVARD                ,,0,0,0,0,0,0,0,0,Unspecified,,,,,3385368,UNKNOWN,,,,
02/07/2016,8:15,QUEENS,11435,40.7142298,-73.8164536,"(40.7142298, -73.8164536)",HOOVER AVENUE                   ,MAIN STREET                     ,,0,0,0,0,0,0,0,0,Driver Inattention/Distraction,Unspecified,,,,3385286,PASSENGER VEHICLE,SPORT UTILITY / STATION WAGON,,,
02/07/2016,11:21,MANHATTAN,10002,40.7197501,-73.9921609,"(40.7197501, -73.9921609)",DELANCEY STREET                 ,FORSYTH STREET                  ,,0,0,0,0,0,0,0,0,Driver Inattention/Distraction,Unspecified,,,,3385461,PASSENGER VEHICLE,SPORT UTILITY / STATION WAGON,,,
02/07/2016,22:30,BROOKLYN,11213,40.676273,-73.938774,"(40.676273, -73.938774)",DEAN STREET                     ,ALBANY AVENUE,,1,0,0,0,0,0,1,0,Unspecified,,,,,3438581,Ambul,,,,
02/07/2016,19:30,BROOKLYN,11208,40.6794899,-73.8792678,"(40.6794899, -73.8792678)",ATLANTIC AVENUE                 ,MONTAUK AVENUE                  ,,0,0,0,0,0,0,0,0,Unspecified,Unspecified,,,,3385741,PASSENGER VEHICLE,UNKNOWN,,,
02/07/2016,13:44,BROOKLYN,11230,40.6259754,-73.9762346,"(40.6259754, -73.9762346)",AVENUE I                        ,MC DONALD AVENUE                ,,0,0,0,0,0,0,0,0,Driver Inattention/Distraction,Unspecified,,,,3385112,PASSENGER VEHICLE,PASSENGER VEHICLE,,,
02/07/2016,19:00,,,40.7329414,-73.9203819,"(40.7329414, -73.9203819)",,,,0,0,0,0,0,0,0,0,Turning Improperly,Unspecified,,,,3385894,SPORT UTILITY / STATION WAGON,PASSENGER VEHICLE,,,
02/07/2016,16:30,,,40.7716238,-73.8747579,"(40.7716238, -73.8747579)",,,,0,0,0,0,0,0,0,0,Unspecified,Unspecified,,,,3385415,SPORT UTILITY / STATION WAGON,SPORT UTILITY / STATION WAGON,,,
02/07/2016,14:25,,,40.7414304,-73.947925,"(40.7414304, -73.947925)",,,,0,0,0,0,0,0,0,0,Lost Consciousness,Unspecified,,,,3385899,SPORT UTILITY / STATION WAGON,SPORT UTILITY / STATION WAGON,,,
02/07/2016,8:41,BRONX,10460,40.8373708,-73.8877667,"(40.8373708, -73.8877667)",EAST 174 STREET                 ,SOUTHERN BOULEVARD              ,,0,0,0,0,0,0,0,0,Other Vehicular,Unspecified,,,,3385587,LIVERY VEHICLE,PASSENGER VEHICLE,,,
02/07/2016,16:30,QUEENS,11433,40.6931785,-73.7943413,"(40.6931785, -73.7943413)",109 AVENUE                      ,157 STREET                      ,,0,0,0,0,0,0,0,0,Physical Disability,Prescription Medication,,,,3385230,PASSENGER VEHICLE,PASSENGER VEHICLE,,,
02/07/2016,16:01,QUEENS,11420,40.677799,-73.8238401,"(40.677799, -73.8238401)",LINDEN BOULEVARD                ,115 STREET                      ,,1,0,0,0,0,0,1,0,Physical Disability,Unspecified,,,,3385866,PASSENGER VEHICLE,SPORT UTILITY / STATION WAGON,,,
02/07/2016,3:40,MANHATTAN,10014,40.7278775,-74.0054264,"(40.7278775, -74.0054264)",KING STREET                     ,VARICK STREET                   ,,0,0,0,0,0,0,0,0,,,,,,3388731,OTHER,PASSENGER VEHICLE,,,
02/07/2016,12:09,MANHATTAN,10028,40.7788219,-73.953985,"(40.7788219, -73.953985)",3 AVENUE                        ,EAST 86 STREET                  ,,0,0,0,0,0,0,0,0,Driver Inattention/Distraction,Unspecified,,,,3384991,PASSENGER VEHICLE,PASSENGER VEHICLE,,,
02/07/2016,23:30,,,,,,,,,0,0,0,0,0,0,0,0,Lost Consciousness,Unspecified,,,,3385876,PASSENGER VEHICLE,PASSENGER VEHICLE,,,
02/07/2016,13:00,BROOKLYN,11229,40.5986294,-73.9582575,"(40.5986294, -73.9582575)",AVENUE U                        ,EAST 13 STREET                  ,,0,0,0,0,0,0,0,0,Unspecified,Unspecified,,,,3386771,PASSENGER VEHICLE,PASSENGER VEHICLE,,,
02/07/2016,1:15,BROOKLYN,11206,40.7013718,-73.9445677,"(40.7013718, -73.9445677)",,,48 WHIPPLE STREET                       ,0,0,0,0,0,0,0,0,Driver Inattention/Distraction,Unspecified,,,,3385213,PASSENGER VEHICLE,PASSENGER VEHICLE,,,
02/07/2016,19:35,BROOKLYN,11208,40.6765301,-73.8683819,"(40.6765301, -73.8683819)",CONDUIT AVENUE                  ,AUTUMN AVENUE                   ,,0,0,0,0,0,0,0,0,Pavement Defective,,,,,3385743,SPORT UTILITY / STATION WAGON,,,,
02/07/2016,15:30,,,,,,OCEAN PARKWAY                   ,SHORE PARKWAY                   ,,0,0,0,0,0,0,0,0,Driver Inattention/Distraction,Unspecified,,,,3385646,PASSENGER VEHICLE,PASSENGER VEHICLE,,,
02/07/2016,16:52,,,,,,,,PARKING LOT- 772 EDGEWATER RD           ,0,0,0,0,0,0,0,0,Backing Unsafely,Unspecified,,,,3385581,LARGE COM VEH(6 OR MORE TIRES),LARGE COM VEH(6 OR MORE TIRES),,,
02/07/2016,0:50,,,40.7992626,-73.9748817,"(40.7992626, -73.9748817)",,,,0,0,0,0,0,0,0,0,Driver Inattention/Distraction,Driver Inattention/Distraction,,,,3385004,PASSENGER VEHICLE,PASSENGER VEHICLE,,,
02/07/2016,12:50,BROOKLYN,11219,40.6395755,-73.9981372,"(40.6395755, -73.9981372)",10 AVENUE                       ,48 STREET                       ,,0,0,0,0,0,0,0,0,Driver Inattention/Distraction,Unspecified,,,,3385687,SPORT UTILITY / STATION WAGON,LARGE COM VEH(6 OR MORE TIRES),,,
02/07/2016,20:16,STATEN ISLAND,10312,40.5334592,-74.1925941,"(40.5334592, -74.1925941)",,,P/L 862 HUGUENOT AVE                    ,0,0,0,0,0,0,0,0,Backing Unsafely,Unspecified,,,,3385991,PASSENGER VEHICLE,SPORT UTILITY / STATION WAGON,,,
02/07/2016,6:17,BROOKLYN,11212,40.6614483,-73.9282839,"(40.6614483, -73.9282839)",EAST 91 STREET                  ,RUTLAND ROAD                    ,,1,0,0,0,0,0,1,0,Driver Inattention/Distraction,Animals Action,,,,3385133,PASSENGER VEHICLE,SPORT UTILITY / STATION WAGON,,,
02/07/2016,5:30,BRONX,10466,40.8982746,-73.8504934,"(40.8982746, -73.8504934)",NEREID AVENUE                   ,WICKHAM AVENUE                  ,,0,0,0,0,0,0,0,0,Unspecified,Unspecified,,,,3385058,SPORT UTILITY / STATION WAGON,UNKNOWN,,,
02/07/2016,14:00,BRONX,10460,40.8399027,-73.8756121,"(40.8399027, -73.8756121)",BRONX PARK AVENUE               ,EAST TREMONT AVENUE             ,,0,0,0,0,0,0,0,0,Unspecified,Unspecified,Unspecified,,,3385624,PASSENGER VEHICLE,PASSENGER VEHICLE,PASSENGER VEHICLE,,
02/07/2016,10:40,,,,,,EAST 135 STREET                 ,3 AVENUE                        ,,0,0,0,0,0,0,0,0,Fatigued/Drowsy,Fatigued/Drowsy,,,,3385579,PASSENGER VEHICLE,SPORT UTILITY / STATION WAGON,,,
02/07/2016,9:40,QUEENS,11105,40.7710846,-73.9082189,"(40.7710846, -73.9082189)",STEINWAY STREET                 ,23 AVENUE                       ,,0,0,0,0,0,0,0,0,Driver Inexperience,Physical Disability,Unspecified,,,3385403,SPORT UTILITY / STATION WAGON,VAN,SPORT UTILITY / STATION WAGON,,
02/07/2016,12:25,QUEENS,11101,40.7552333,-73.9412383,"(40.7552333, -73.9412383)",40 AVENUE                       ,21 STREET                       ,,0,0,0,0,0,0,0,0,Failure to Yield Right-of-Way,Unspecified,,,,3385968,SPORT UTILITY / STATION WAGON,SPORT UTILITY / STATION WAGON,,,
